sample_id	begin	end	type	extraction
5239d808-f300-46ea-aa3b-5093040213a3	54	75	Coarse_Group	eli lilly and company
5239d808-f300-46ea-aa3b-5093040213a3	0	9	Coarse_Person	eli lilly
d7d47dfc-7e5d-48e8-9390-019a3e9476c1	0	19	Coarse_Person	christoph haberland
d7d47dfc-7e5d-48e8-9390-019a3e9476c1	83	88	Coarse_Location	italy
7051b30d-a8e5-4bc3-a83a-eacc863f94d0	34	49	Coarse_Person	sir frank kitto
6c63b565-b3d4-4c2d-b4a7-6a00460f0d32	20	34	Coarse_Person	edward meyrick
de7f8c86-2f0b-4a8c-b119-bab3958ef379	97	105	Coarse_Person	w j hemp
8bc3740e-ed59-4458-8c9a-91359259880a	20	40	Coarse_Person	charles joseph gahan
8bc3740e-ed59-4458-8c9a-91359259880a	7	16	Coarse_Creative_Work	described
4a525944-075f-4a72-9316-50450efac65d	136	151	Coarse_Person	paul feyerabend
4a525944-075f-4a72-9316-50450efac65d	120	131	Coarse_Person	thomas kuhn
f909377b-99fb-409f-ac1a-29c2899a00c5	25	34	Coarse_Person	charles v
1c5211ba-b3c9-45f2-a668-75845f812a7d	18	29	Coarse_Group	deal hudson
2e1513d9-3e5b-4eda-9133-41026414ccb1	28	42	Coarse_Person	alexander rich
8a8e516d-e4ba-42e3-bf62-f2994db69d55	43	55	Coarse_Person	rie kugimiya
8a8e516d-e4ba-42e3-bf62-f2994db69d55	9	24	Coarse_Person	tomokazu sugita
8a8e516d-e4ba-42e3-bf62-f2994db69d55	25	42	Coarse_Person	daisuke sakaguchi
6e042053-bd75-48e4-a0f8-031eac75b135	24	37	Coarse_Person	thales leites
6e042053-bd75-48e4-a0f8-031eac75b135	48	60	Coarse_Person	jesse taylor
106b7248-4e99-4da6-b699-e63ef7b75aca	40	51	Coarse_Person	king xerxes
9b896fb3-fed0-40ea-8ee6-61b1f090a419	0	23	Coarse_Location	báetán mac muirchertaig
9b896fb3-fed0-40ea-8ee6-61b1f090a419	28	35	Coarse_Person	eochaid
878ab1a2-1a2c-4c03-95d1-a837c685c011	68	84	Coarse_Person	miklós istvánffy
878ab1a2-1a2c-4c03-95d1-a837c685c011	55	67	Coarse_Person	juraj ratkaj
9e213130-60eb-478f-a855-8da0ee1dc4b2	18	39	Coarse_Group	counter-revolutionary
7a74f51c-9ff5-4525-a1d0-5e8ddb02bd48	82	92	Coarse_Group	rees jones
a0cd1b13-d620-430a-ae91-e1f4108ff3e4	0	10	Coarse_Group	four herms
a0cd1b13-d620-430a-ae91-e1f4108ff3e4	51	71	Coarse_Person	françois-léon sicard
1dfcbf1a-9967-40fa-92d0-e1da21c1f2a6	33	60	Coarse_Person	jean-henri-nicolas bouillet
894c3e4b-06bc-412a-9cce-7519312aff63	20	34	Coarse_Person	edward meyrick
4f9dbf6a-3afd-4ee5-8fdd-5f11e1bf35e1	33	58	Coarse_Person	johann andreas silbermann
96b5b8ee-1593-4b13-b01a-cd687f46604d	56	68	Coarse_Person	alan r. lynn
48b97cce-5a54-492c-9e15-b541d5565f5d	26	41	Coarse_Person	benjamin ferrey
48b97cce-5a54-492c-9e15-b541d5565f5d	66	71	Coarse_Person	pugin
d2db1d10-d364-4738-9188-fbb74f9bf16c	17	20	Coarse_Group	vis
d2db1d10-d364-4738-9188-fbb74f9bf16c	37	49	Coarse_Person	georgi iliev
c600dcd3-4f5d-4a66-9126-a0146eb4f296	0	16	Coarse_Person	akira nishiguchi
324ab236-e926-45ed-9f5b-d959fa1a9173	0	10	Coarse_Person	bari weiss
3fb7823f-2b83-4544-b820-eae5d090e167	29	40	Coarse_Person	w. h. weeks
bb478bfb-3271-49eb-80b6-6cf4797a89c5	24	37	Coarse_Person	sete gibernau
bb478bfb-3271-49eb-80b6-6cf4797a89c5	15	21	Coarse_Person	biaggi
bb478bfb-3271-49eb-80b6-6cf4797a89c5	7	12	Coarse_Person	rossi
d132a50e-4b66-4914-bac1-3a559e60c2ed	0	14	Coarse_Person	edwin borchard
54160718-2cb1-4e03-92cb-615b2584a1a0	20	26	Coarse_Person	strand
e34e3f62-4869-40b7-a5b0-cf961b25ae99	20	45	Coarse_Person	johan christian fabricius
48140838-68a6-4686-bbd9-ea6164dbf171	0	19	Coarse_Person	victor davis hanson
df0520ff-8cc0-46b8-8ca4-f9fe211337e8	58	70	Coarse_Person	samuel tudor
bff3fe01-6d2e-4b64-99b8-a1ede99a25ee	99	116	Coarse_Location	derby art gallery
bff3fe01-6d2e-4b64-99b8-a1ede99a25ee	26	43	Coarse_Person	alfred john keene
b8f94a6a-9d23-452d-a964-7435d97d048c	24	41	Coarse_Person	lorenzo bartolini
b245d698-d17e-47c3-b915-967490c7b649	53	60	Coarse_Location	ayodhyā
b245d698-d17e-47c3-b915-967490c7b649	41	49	Coarse_Person	kausalyā
42a4f9a1-5a00-4494-ab15-f8e17b4e14e5	0	14	Coarse_Person	phoebe couzins
57f0aa58-484d-41d4-853d-70962ca5fb3a	10	23	Coarse_Person	rolf jacobsen
01b05e1b-04bc-41ae-8f17-96264a83a636	46	60	Coarse_Person	richard neutra
0fc87629-d10c-4e40-a2de-bd312f2232e2	44	50	Coarse_Group	balhae
0fc87629-d10c-4e40-a2de-bd312f2232e2	0	9	Coarse_Person	da yanlin
381ad7d8-8c7d-4486-8da1-0fec60230fa8	0	13	Coarse_Person	john sterling
381ad7d8-8c7d-4486-8da1-0fec60230fa8	49	65	Coarse_Group	new york yankees
dc6c6d00-daf8-454b-9d4f-f5e36f223365	29	48	Coarse_Person	frances power cobbe
dc6c6d00-daf8-454b-9d4f-f5e36f223365	102	115	Coarse_Person	agnes garrett
dc6c6d00-daf8-454b-9d4f-f5e36f223365	49	73	Coarse_Person	priscilla bright mclaren
dc6c6d00-daf8-454b-9d4f-f5e36f223365	74	97	Coarse_Person	lilias ashworth hallett
cee0de59-b071-4c08-9136-f2d76fd7edc7	32	49	Coarse_Person	francesco baracca
cee0de59-b071-4c08-9136-f2d76fd7edc7	96	103	Coarse_Group	ferrari
cee0de59-b071-4c08-9136-f2d76fd7edc7	58	68	Coarse_Creative_Work	spad s.vii
15ee1e09-7a8c-49f1-9ae1-698b18b8ff6c	102	118	Coarse_Person	helena schilizzi
15ee1e09-7a8c-49f1-9ae1-698b18b8ff6c	23	28	Coarse_Location	greek
15ee1e09-7a8c-49f1-9ae1-698b18b8ff6c	44	65	Coarse_Person	eleftherios venizelos
afa3a493-02a6-48b7-b910-1f728a6b66a4	23	35	Coarse_Person	joe mcdonagh
b9e3968c-27b8-4316-ac18-82b04a3efdfa	0	17	Coarse_Person	josephine herrick
05f3ba24-9af4-47c3-9c01-bb60acd56ff3	48	54	Coarse_Creative_Work	lyrics
05f3ba24-9af4-47c3-9c01-bb60acd56ff3	71	87	Coarse_Person	poovachal khader
05f3ba24-9af4-47c3-9c01-bb60acd56ff3	26	43	Coarse_Person	m. s. viswanathan
91fcefb0-eb13-4144-aad9-8a2c0a9b9a7b	21	26	Coarse_Product	pooja
c88bb3ce-d134-478e-bb89-8b746c126f8d	103	116	Coarse_Person	oliver nelson
81508480-f2db-4414-9e29-f920a0f4a374	58	75	Coarse_Person	thomas chatterton
a8deeb02-1b9b-4f9e-9dc7-c125915e4975	38	45	Coarse_Group	sinatra
4b063f2d-55a1-4fe6-a5e5-b9e81b94e046	60	67	Coarse_Person	jeremih
4b063f2d-55a1-4fe6-a5e5-b9e81b94e046	42	49	Coarse_Creative_Work	like me
057340b2-f3e5-4fd1-ba43-f84d968d4555	40	52	Coarse_Creative_Work	studio album
057340b2-f3e5-4fd1-ba43-f84d968d4555	63	72	Coarse_Group	tech n9ne
10910706-9e59-467c-8239-f1faf3b43506	16	22	Coarse_Person	mark d
cfc0eacd-bd59-4d25-8bcb-e9d49628fd64	83	100	Coarse_Person	jeff swampy marsh
cfc0eacd-bd59-4d25-8bcb-e9d49628fd64	65	78	Coarse_Person	dan povenmire
4900388d-781a-4d34-815e-96e11175a76a	59	76	Coarse_Person	dinesh subasinghe
a597cd0e-3d41-46d1-8195-22c51f2a7ed4	0	9	Coarse_Person	jeff lang
f6e82bd1-2763-41a9-90a8-776f2a7c9c2d	56	73	Coarse_Person	warren cuccurullo
f6e82bd1-2763-41a9-90a8-776f2a7c9c2d	43	55	Coarse_Person	terry bozzio
f6e82bd1-2763-41a9-90a8-776f2a7c9c2d	31	42	Coarse_Person	dale bozzio
f6e82bd1-2763-41a9-90a8-776f2a7c9c2d	78	93	Coarse_Person	patrick o'hearn
f6e82bd1-2763-41a9-90a8-776f2a7c9c2d	13	28	Coarse_Group	missing persons
2449de42-95a2-467f-b86b-ae279f8b5744	31	45	Coarse_Person	erving goffman
bc7d8a49-fd7e-4666-a21b-03e75fc79d0f	29	41	Coarse_Person	brynn thayer
bc7d8a49-fd7e-4666-a21b-03e75fc79d0f	17	28	Coarse_Person	sam robards
bc7d8a49-fd7e-4666-a21b-03e75fc79d0f	58	72	Coarse_Person	andrew cassese
bc7d8a49-fd7e-4666-a21b-03e75fc79d0f	42	53	Coarse_Person	leon russom
b49ddb42-8da8-41d4-a5ae-92f533284169	63	67	Coarse_Person	wipo
b49ddb42-8da8-41d4-a5ae-92f533284169	40	58	Coarse_Person	widukind of corvey
26e402f1-b109-4b23-b31d-550ccbf5f175	23	38	Coarse_Person	phylicia rashad
26e402f1-b109-4b23-b31d-550ccbf5f175	9	22	Coarse_Person	kevin aviance
26e402f1-b109-4b23-b31d-550ccbf5f175	43	50	Coarse_Group	beyoncé
f5458a3a-cd23-4df4-8384-4e23fe33a66b	32	51	Coarse_Creative_Work	billy rose 's jumbo
f5458a3a-cd23-4df4-8384-4e23fe33a66b	0	9	Coarse_Person	doris day
03b0282c-8ac3-429e-82f7-bc74edf5dea3	7	12	Coarse_Creative_Work	opera
03b0282c-8ac3-429e-82f7-bc74edf5dea3	73	86	Coarse_Person	grigore vieru
03b0282c-8ac3-429e-82f7-bc74edf5dea3	56	64	Coarse_Creative_Work	libretto
03b0282c-8ac3-429e-82f7-bc74edf5dea3	37	48	Coarse_Person	zlata tkach
6a653438-dfc8-49ee-8b2c-17c834ba4679	0	9	Coarse_Person	pat flynn
24e385d7-d28e-43d1-ba9f-8ab325cdcf06	0	24	Coarse_Person	william john fitzpatrick
24e385d7-d28e-43d1-ba9f-8ab325cdcf06	32	64	Coarse_Creative_Work	dictionary of national biography
e1cac655-016f-41b1-9542-a5927e3179eb	20	44	Coarse_Person	william chapman hewitson
e1cac655-016f-41b1-9542-a5927e3179eb	7	16	Coarse_Creative_Work	described
abe88c47-78b4-425f-a13d-4eba74a1c4f1	16	28	Coarse_Creative_Work	studio album
abe88c47-78b4-425f-a13d-4eba74a1c4f1	32	43	Coarse_Person	trace bundy
bb3264f4-16cd-44aa-8fe2-9156348e7d3b	0	12	Coarse_Person	chuck ainlay
c30fc1fc-db6a-461e-b37d-28aa486fdf0b	46	60	Coarse_Person	richard jobson
c30fc1fc-db6a-461e-b37d-28aa486fdf0b	98	103	Coarse_Group	skids
d8db4b91-70de-41f1-93b3-8f30d8f53c04	18	30	Coarse_Person	tom johnston
3cd3df89-032b-49a6-902a-73daf40b8246	25	34	Coarse_Person	bob dylan
3cd3df89-032b-49a6-902a-73daf40b8246	0	14	Coarse_Creative_Work	from a buick 6
099561b8-729b-4173-94d3-ecd939cf43e1	59	74	Coarse_Creative_Work	days of eclipse
099561b8-729b-4173-94d3-ecd939cf43e1	51	58	Coarse_Person	sokurov
fbf47f0b-919e-4eb6-84db-3d310dbcd7e7	70	94	Coarse_Creative_Work	who killed these girls ?
fbf47f0b-919e-4eb6-84db-3d310dbcd7e7	32	45	Coarse_Person	beverly lowry
31960196-2eb9-4d0f-a7e8-35a7b66d143f	55	64	Coarse_Group	morrissey
31960196-2eb9-4d0f-a7e8-35a7b66d143f	25	36	Coarse_Person	johnny marr
e29a480f-088d-49b7-838a-c5b994f71db4	29	46	Coarse_Person	germaine acremant
1b1f916e-7b47-4ddf-a395-42efe27e8969	60	74	Coarse_Person	kris zimmerman
1b1f916e-7b47-4ddf-a395-42efe27e8969	0	11	Coarse_Person	gordon hunt
67ce6f3b-a3f6-4caa-91bf-1a4bb0a2ac6a	64	78	Coarse_Person	sumi shimamoto
67ce6f3b-a3f6-4caa-91bf-1a4bb0a2ac6a	83	95	Coarse_Person	takao kisugi
67ce6f3b-a3f6-4caa-91bf-1a4bb0a2ac6a	45	52	Coarse_Group	picasso
67ce6f3b-a3f6-4caa-91bf-1a4bb0a2ac6a	53	63	Coarse_Person	yuki saito
46a7a43f-634b-43e9-8837-2c2768adda0a	13	23	Coarse_Person	howie carr
e1d61525-23ad-477f-b463-722579bb009b	18	36	Coarse_Creative_Work	christianity today
e1d61525-23ad-477f-b463-722579bb009b	53	67	Coarse_Person	dallas willard
329897d1-f7a7-4a4d-96b0-ca4b40414984	0	11	Coarse_Person	jon stewart
329897d1-f7a7-4a4d-96b0-ca4b40414984	15	29	Coarse_Creative_Work	the daily show
329897d1-f7a7-4a4d-96b0-ca4b40414984	38	50	Coarse_Group	moveon . org
1b472f59-5a0a-4b29-9473-d8f30c3a6397	48	59	Coarse_Person	karen black
1b472f59-5a0a-4b29-9473-d8f30c3a6397	21	37	Coarse_Creative_Work	five easy pieces
b9b74c87-e812-4d55-93fb-e20feb9b7625	52	62	Coarse_Person	clive owen
b9b74c87-e812-4d55-93fb-e20feb9b7625	38	42	Coarse_Creative_Work	bent
b9b74c87-e812-4d55-93fb-e20feb9b7625	88	102	Coarse_Person	martin sherman
1857586a-fa31-4c07-ae5c-d6021c0a59b0	58	69	Coarse_Person	norman fell
1857586a-fa31-4c07-ae5c-d6021c0a59b0	41	53	Coarse_Person	claude akins
1857586a-fa31-4c07-ae5c-d6021c0a59b0	29	40	Coarse_Person	clu gulager
057bc67b-d766-4929-b999-c068d47c6dd4	0	10	Coarse_Creative_Work	spider-man
057bc67b-d766-4929-b999-c068d47c6dd4	35	44	Coarse_Person	sam raimi
ee08e42d-8142-4311-b65b-0b35953a36b6	33	44	Coarse_Group	t. muthuraj
a5506188-ef7c-486e-b1ca-e8390f83faa0	0	18	Coarse_Person	isaac ibn al-ahdab
6c260629-7555-4638-aca3-b0a8e5755807	44	57	Coarse_Group	guns n' roses
6c260629-7555-4638-aca3-b0a8e5755807	83	87	Coarse_Person	thal
6c260629-7555-4638-aca3-b0a8e5755807	68	82	Coarse_Person	ron bumblefoot
964cd59c-e389-4ef8-8fd2-34fe485b23df	30	38	Coarse_Person	tim rose
964cd59c-e389-4ef8-8fd2-34fe485b23df	16	29	Coarse_Person	bonnie dobson
964cd59c-e389-4ef8-8fd2-34fe485b23df	0	11	Coarse_Creative_Work	morning dew
250a6d3b-f385-42ce-a423-0f1ade18572c	0	11	Coarse_Person	rakim allen
66acec57-98fd-426f-9a33-b638b80c7cb0	0	13	Coarse_Person	brad shepherd
6e8661d5-6ace-49f0-9941-f04c83eb6603	0	2	Coarse_Group	m.
b96563cc-3e5b-401d-b295-e83c27b140d7	0	19	Coarse_Person	adolf bernhard marx
b68262fe-8076-4493-8242-6f2b149e5b63	0	11	Coarse_Person	anne dudley
b68262fe-8076-4493-8242-6f2b149e5b63	46	59	Coarse_Group	fender rhodes
8a16ea88-2d48-4972-b43e-04ebe6406bea	34	49	Coarse_Person	růžena maturová
352f5068-0000-4080-9580-2597a21b16ce	48	60	Coarse_Person	athol fugard
5c7894f9-0ce4-4675-9355-1ca6e5c176b8	56	67	Coarse_Person	arif mardin
7e12f84c-5a72-4617-921d-25ae239b0b13	77	91	Coarse_Group	string quartet
7e12f84c-5a72-4617-921d-25ae239b0b13	25	37	Coarse_Person	billy cobham
7e12f84c-5a72-4617-921d-25ae239b0b13	48	53	Coarse_Group	airto
7e12f84c-5a72-4617-921d-25ae239b0b13	5	15	Coarse_Person	ron carter
e83f4703-4b77-4e83-aba2-7875fb1755e7	73	88	Coarse_Person	richard strauss
e83f4703-4b77-4e83-aba2-7875fb1755e7	54	68	Coarse_Person	richard wagner
1436be45-bf01-4c6d-a8ad-6041e3101b7c	53	75	Coarse_Creative_Work	velaiilla pattadhari 2
1436be45-bf01-4c6d-a8ad-6041e3101b7c	24	44	Coarse_Person	soundarya rajnikanth
b3bad890-bbf6-4456-a9a1-0b5c3a62339f	0	12	Coarse_Person	jeff gardner
db0a5a8e-0a9b-445e-a45c-eeebcc0cc784	34	46	Coarse_Person	jack kerouac
aebecb40-2db0-4ff5-9e31-b6075e2b98d5	42	53	Coarse_Creative_Work	you again ?
aebecb40-2db0-4ff5-9e31-b6075e2b98d5	59	71	Coarse_Person	jack klugman
0f1dad5f-0fd3-465e-b7cc-5662349793b5	54	68	Coarse_Creative_Work	the snow queen
0f1dad5f-0fd3-465e-b7cc-5662349793b5	17	40	Coarse_Person	hans christian andersen
11237e72-4d75-434b-8560-442a9fda99d2	53	62	Coarse_Person	tory lane
83bde8c6-d22f-42d4-a8f2-50700f7a0252	7	32	Coarse_Creative_Work	the man who fell to earth
83bde8c6-d22f-42d4-a8f2-50700f7a0252	49	63	Coarse_Person	michael deeley
ce6afe1e-2cb9-45dd-9371-b5589b2d7a88	12	24	Coarse_Person	bryan talbot
cca66bd4-ad78-4417-8297-83408c52f8f5	69	79	Coarse_Person	hal prince
acd2582a-7996-48a8-aa0f-3817755a0fc7	54	68	Coarse_Person	gaétan vestris
3bd1e087-91b9-4bd8-b871-649f97e00633	68	84	Coarse_Person	rufus wainwright
3bd1e087-91b9-4bd8-b871-649f97e00633	89	105	Coarse_Person	carrie underwood
3bd1e087-91b9-4bd8-b871-649f97e00633	42	54	Coarse_Person	phil anselmo
3bd1e087-91b9-4bd8-b871-649f97e00633	55	67	Coarse_Person	dave navarro
3bd1e087-91b9-4bd8-b871-649f97e00633	26	41	Coarse_Group	alice in chains
fb75adb4-7bd6-40f0-b736-6af8d60429ac	25	34	Coarse_Person	kat von d
31b9a8a6-fbf9-419b-b350-7032f70e50c6	0	27	Coarse_Creative_Work	when i paint my masterpiece
31b9a8a6-fbf9-419b-b350-7032f70e50c6	30	39	Coarse_Person	bob dylan
d06ded34-5942-4d9b-ae8b-d3546ca2be78	20	33	Coarse_Person	justin bieber
4284f2a9-3531-4871-9df7-f3a2b96fffbb	44	57	Coarse_Creative_Work	fourth series
4284f2a9-3531-4871-9df7-f3a2b96fffbb	20	34	Coarse_Person	julia mckenzie
dd9b5b84-d144-474b-859f-8253d077f3c5	46	62	Coarse_Person	j. hillis miller
dd9b5b84-d144-474b-859f-8253d077f3c5	12	24	Coarse_Person	emil staiger
dd9b5b84-d144-474b-859f-8253d077f3c5	25	41	Coarse_Person	gaston bachelard
9d53b339-54b4-479a-a006-b442d5f8fae4	0	17	Coarse_Creative_Work	banks of the ohio
9d53b339-54b4-479a-a006-b442d5f8fae4	20	31	Coarse_Person	john farrar
9d53b339-54b4-479a-a006-b442d5f8fae4	58	72	Coarse_Person	peter sullivan
9d53b339-54b4-479a-a006-b442d5f8fae4	32	43	Coarse_Person	bruce welch
96a88073-38cd-46cb-a8f8-ad629ce58aab	33	50	Coarse_Person	tetsuya mizuguchi
96a88073-38cd-46cb-a8f8-ad629ce58aab	60	74	Coarse_Creative_Work	lumines live !
96a88073-38cd-46cb-a8f8-ad629ce58aab	110	130	Coarse_Creative_Work	downloadable content
8cfa5e77-d98c-41e1-9443-10e9907d2e70	22	33	Coarse_Person	jim peterik
fc174dcb-278c-4a14-81d5-97646a1d22cc	7	24	Coarse_Person	gabriele ferzetti
fc174dcb-278c-4a14-81d5-97646a1d22cc	27	52	Coarse_Creative_Work	we still kill the old way
eeab3a30-be41-4e39-b039-07b79477f531	55	64	Coarse_Person	ben hardy
047475e4-4e22-40f2-a68a-d05c3825fd22	50	67	Coarse_Person	franz oppenheimer
5b94ed32-46be-4e82-b956-dfafd280c165	70	82	Coarse_Person	judy garland
5b94ed32-46be-4e82-b956-dfafd280c165	40	60	Coarse_Creative_Work	meet me in st. louis
d2b52cef-a07a-4893-a6df-8e31c80fe098	0	16	Coarse_Person	františek vláčil
9fd75493-f219-4027-abec-6aa6bcdce187	75	90	Coarse_Person	morgan spurlock
9fd75493-f219-4027-abec-6aa6bcdce187	36	62	Coarse_Creative_Work	one direction : this is us
c03dd146-d494-4413-bac2-27c118c9aba1	67	72	Coarse_Group	nagma
74c07b2f-414f-47c4-a83e-932577a6f6bc	85	101	Coarse_Person	paquito d'rivera
74c07b2f-414f-47c4-a83e-932577a6f6bc	70	80	Coarse_Person	john musto
ae7d9b7b-7033-4996-af6e-6745ef3acfbd	29	46	Coarse_Person	princess margaret
ae7d9b7b-7033-4996-af6e-6745ef3acfbd	57	75	Coarse_Person	queen elizabeth ii
640554e1-e480-4a47-85f5-ad587c7138bc	55	61	Coarse_Person	hayden
640554e1-e480-4a47-85f5-ad587c7138bc	62	75	Coarse_Person	p. c. hodgell
640554e1-e480-4a47-85f5-ad587c7138bc	40	54	Coarse_Person	teresa nielsen
640554e1-e480-4a47-85f5-ad587c7138bc	17	39	Coarse_Person	patrick nielsen hayden
640554e1-e480-4a47-85f5-ad587c7138bc	76	87	Coarse_Person	larry niven
640554e1-e480-4a47-85f5-ad587c7138bc	88	99	Coarse_Person	john sladek
eaa5e25e-bdfd-48a6-821f-8160a8863f28	27	42	Coarse_Group	cincinnati reds
dcaa5c6e-25d0-4949-8879-f4458604521b	0	5	Coarse_Group	spain
769c1d0d-a589-4fce-a358-7d908a36887b	94	107	Coarse_Group	altoona curve
769c1d0d-a589-4fce-a358-7d908a36887b	22	40	Coarse_Group	pittsburgh pirates
77c496e3-9324-4f3f-891f-fdfb19d83133	20	27	Coarse_Group	sc dhfk
77c496e3-9324-4f3f-891f-fdfb19d83133	28	35	Coarse_Group	leipzig
91b2e2dd-2a35-4bf1-8a68-15977a81c303	12	34	Coarse_Group	metallurg magnitogorsk
91b2e2dd-2a35-4bf1-8a68-15977a81c303	37	50	Coarse_Group	avangard omsk
5833c526-b14c-451c-984e-42a1d372f1e0	39	50	Coarse_Group	byu cougars
183ea57b-e4df-41a3-848e-791add01a7ad	49	68	Coarse_Group	pittsburgh penguins
183ea57b-e4df-41a3-848e-791add01a7ad	73	93	Coarse_Group	vegas golden knights
183ea57b-e4df-41a3-848e-791add01a7ad	33	48	Coarse_Group	st. louis blues
848702ca-b0cf-4c93-be7d-3758b8504f77	8	13	Coarse_Group	teams
9e436720-af11-4b9a-8e95-e3e2159ac204	0	11	Coarse_Person	baldur bett
9e436720-af11-4b9a-8e95-e3e2159ac204	75	80	Coarse_Group	valur
c2054b73-7f57-40f0-94b2-e1aa8bc35d43	4	20	Coarse_Group	seattle seahawks
225fe665-d91c-44e4-b36e-4f36a2eec6b6	34	53	Coarse_Group	st. louis cardinals
e5a2e8ea-deb9-478e-a167-5b8b9809e156	15	30	Coarse_Group	gloucestershire
83eda338-fc84-4b66-9870-cbddec20f333	46	57	Coarse_Person	tom sestito
83eda338-fc84-4b66-9870-cbddec20f333	3	18	Coarse_Group	san jose sharks
420eb148-2c53-46da-ba09-e83dcafb4285	35	51	Coarse_Group	cleveland browns
ed07a6e1-8dc2-4629-8076-79c9aa56c45b	20	33	Coarse_Person	primož roglič
ed07a6e1-8dc2-4629-8076-79c9aa56c45b	37	45	Coarse_Location	slovenia
e4dbb594-d012-4bcf-808a-0b0036a339c2	40	57	Coarse_Group	nc state wolfpack
b9ea17b7-a454-499e-97c4-d65a01db9c5f	26	59	Coarse_Group	stade français sports association
0eed579e-df23-467e-be79-fc7abe576f49	22	40	Coarse_Group	peterborough petes
d08df8aa-6be9-4aef-9760-9a454ee42a76	74	82	Coarse_Group	kilkenny
48f2a5f2-5273-4087-9302-32302cb3e847	18	31	Coarse_Person	wally hammond
b4fe920f-ee2b-465b-a14c-84325b1d9193	47	60	Coarse_Group	buffalo bills
d95962c0-23bc-4fc5-a289-e44aaea466cd	19	32	Coarse_Group	national team
a01365d8-6530-41f5-a3c7-91cd2ca49701	92	108	Coarse_Group	seattle seahawks
a01365d8-6530-41f5-a3c7-91cd2ca49701	74	87	Coarse_Group	detroit lions
76741e4c-d318-45c6-a488-a688c11d9317	43	59	Coarse_Group	new york yankees
3764fbce-79f2-4d16-acac-f97460aa4a99	18	32	Coarse_Group	detroit tigers
3764fbce-79f2-4d16-acac-f97460aa4a99	37	52	Coarse_Group	cincinnati reds
b1e73c72-10dc-44a6-ba73-394d8a35e287	47	60	Coarse_Group	reserve teams
8b1c6a26-a1a9-4804-9c59-c2da470897b2	53	66	Coarse_Group	south dragons
4ad60642-8526-49f3-8bc3-ee568453c6e0	13	24	Coarse_Person	mark webber
4ad60642-8526-49f3-8bc3-ee568453c6e0	45	52	Coarse_Group	ferrari
4ad60642-8526-49f3-8bc3-ee568453c6e0	56	71	Coarse_Person	fernando alonso
53921ffb-9300-459f-aa94-c8894759a6f9	26	56	Coarse_Group	pakistan national cricket team
52d0849a-f858-40b4-9f2c-6fb90af818a2	26	47	Coarse_Group	philadelphia phillies
62239e26-49dd-41b8-b477-ef12dc9b855a	20	33	Coarse_Person	pieter cramer
4e041bff-5799-4ad1-b954-1c9ebc8b8966	14	34	Coarse_Person	sir thomas lestrange
909bf8d9-b283-484e-be25-2568895fc5ec	32	38	Coarse_Person	salome
909bf8d9-b283-484e-be25-2568895fc5ec	56	64	Coarse_Person	herodias
909bf8d9-b283-484e-be25-2568895fc5ec	122	138	Coarse_Person	john the baptist
299be816-9287-4218-9500-5a8c553d2a11	18	32	Coarse_Person	shingo kunieda
299be816-9287-4218-9500-5a8c553d2a11	42	57	Coarse_Person	robin ammerlaan
299be816-9287-4218-9500-5a8c553d2a11	0	15	Coarse_Person	stéphane houdet
299be816-9287-4218-9500-5a8c553d2a11	60	73	Coarse_Person	stefan olsson
daee421d-fe95-4377-a76e-de7b4aaead32	94	106	Coarse_Person	martin adams
daee421d-fe95-4377-a76e-de7b4aaead32	78	89	Coarse_Person	chris mason
28fe00a2-757a-43b4-9968-2b822db82659	20	37	Coarse_Person	hervé de toulgoët
79e1428d-b835-4ae2-8395-5b21841d54bf	27	38	Coarse_Person	wayne jones
08c9e37a-aab2-44f9-be02-fbdd10ad1268	0	3	Coarse_Location	its
08c9e37a-aab2-44f9-be02-fbdd10ad1268	27	43	Coarse_Person	john the baptist
08c9e37a-aab2-44f9-be02-fbdd10ad1268	4	13	Coarse_Location	cathedral
bee064c3-e63f-4b4f-a42a-4107ba982aaf	25	41	Coarse_Person	alexey diakonoff
055df6a6-aefb-4eb8-94c6-c4b18dff0174	0	12	Coarse_Person	rose dugdale
055df6a6-aefb-4eb8-94c6-c4b18dff0174	60	93	Coarse_Group	provisional irish republican army
2dabe38a-0044-49d8-b1d9-b4dba3ba3ff3	88	100	Coarse_Person	reanne evans
ff78d936-c31b-44a7-b9e6-0d6da85e9a18	87	101	Coarse_Person	stephen hendry
5b4a72ed-0294-4fd1-b9ae-88cb481cd257	24	37	Coarse_Person	mary of guise
5b4a72ed-0294-4fd1-b9ae-88cb481cd257	47	87	Coarse_Person	louis ii d'orléans , duke of longueville
ea7ebdc5-d59b-439a-8c81-2a13d0a28879	24	34	Coarse_Person	judd trump
ea7ebdc5-d59b-439a-8c81-2a13d0a28879	102	111	Coarse_Person	ian burns
e87ceedd-684a-40ae-a00e-2aa3f0334161	28	35	Coarse_Person	michael
bfe25c79-0300-48a9-9d0c-8de996361a7b	106	114	Coarse_Location	colombia
bfe25c79-0300-48a9-9d0c-8de996361a7b	58	77	Coarse_Person	anton hermann fassl
ebb37df6-20a7-434c-a98e-b51e57b1f879	63	72	Coarse_Location	amsterdam
ebb37df6-20a7-434c-a98e-b51e57b1f879	28	42	Coarse_Person	ronald de boer
7d21ff1f-aa68-47de-b43c-e095f689acc7	72	85	Coarse_Person	jamie whincup
e953dd29-d963-4c6a-850b-d8f9ec4ab0f8	0	14	Coarse_Person	mark edmondson
e953dd29-d963-4c6a-850b-d8f9ec4ab0f8	39	52	Coarse_Person	roscoe tanner
70a83885-9d03-4dcd-b286-c20f1e1e52e3	3	14	Coarse_Person	marc wilson
70a83885-9d03-4dcd-b286-c20f1e1e52e3	42	54	Coarse_Medical	appendectomy
998050e7-f3f0-45a5-8730-b8c3a1cb5196	29	37	Coarse_Person	bob sapp
af30caeb-6475-4c08-b360-3e7d0cb166e9	17	34	Coarse_Person	shaquille leonard
b47b494d-68a8-438c-8930-131663314e56	54	67	Coarse_Person	steven seagal
b47b494d-68a8-438c-8930-131663314e56	30	44	Coarse_Creative_Work	half past dead
b47b494d-68a8-438c-8930-131663314e56	72	79	Coarse_Person	ja rule
b5797fa9-221a-41ee-a0e4-570f5cebf0c0	27	36	Coarse_Person	sam raimi
b5797fa9-221a-41ee-a0e4-570f5cebf0c0	47	60	Coarse_Person	tobey maguire
b5797fa9-221a-41ee-a0e4-570f5cebf0c0	9	17	Coarse_Person	avi arad
f9e01ded-a29e-45da-b280-8a4e73d2129c	0	14	Coarse_Person	mickey redmond
a9c4e7dc-9f69-4937-9642-835b97869c60	70	77	Coarse_Group	ferrari
a9c4e7dc-9f69-4937-9642-835b97869c60	81	97	Coarse_Person	sebastian vettel
a9c4e7dc-9f69-4937-9642-835b97869c60	0	14	Coarse_Person	lewis hamilton
a9c4e7dc-9f69-4937-9642-835b97869c60	50	65	Coarse_Person	valtteri bottas
cb388f0c-2542-4cac-85b4-da67b9d31fab	12	24	Coarse_Person	raffi torres
ab483e5f-058e-4638-882d-69320def1edf	0	13	Coarse_Person	jimmy connors
8ecf89d9-75c3-40e0-940c-e9d74f46cb26	50	59	Coarse_Person	bruce pie
dbeb54f6-ee76-4ccc-8b7d-a90cc7c7104c	21	36	Coarse_Person	flavia pennetta
62b603e8-b445-4f46-a045-4a44c1e28f0c	0	9	Coarse_Group	jana fett
62b603e8-b445-4f46-a045-4a44c1e28f0c	34	49	Coarse_Group	luksika kumkhum
3ed8e4a7-84d0-4103-9292-5b9fce7c5503	47	61	Coarse_Group	atlanta braves
3ed8e4a7-84d0-4103-9292-5b9fce7c5503	0	14	Coarse_Person	andrew cashner
6c56d0b8-62d3-473b-b523-a3347369b794	79	93	Coarse_Person	julio iglesias
604b00d1-0274-42ac-a7e8-d5c746dece7a	0	13	Coarse_Creative_Work	toivo salonen
d2b69e21-b396-4172-b949-cfd900383b5a	65	77	Coarse_Person	roman staněk
d2b69e21-b396-4172-b949-cfd900383b5a	97	112	Coarse_Person	giorgio carrara
d2b69e21-b396-4172-b949-cfd900383b5a	78	92	Coarse_Person	joshua dürksen
d2b69e21-b396-4172-b949-cfd900383b5a	29	45	Coarse_Person	gianluca petecof
0e41bfb9-fd4a-458a-b2fa-9a87ef5835b4	59	66	Coarse_Person	ronaldo
93c0cfc5-5dcf-47e0-850e-239f7ee3f4e0	0	13	Coarse_Person	andré lemoine
3f913218-b623-41e5-9d94-ad3041bc368d	41	51	Coarse_Person	ivan lendl
88bffbac-edfa-46bf-b8d7-b6881f04c5a6	44	55	Coarse_Person	todd cooley
993f4d35-b453-4fd8-911c-3669ada749c9	32	45	Coarse_Person	terrance gore
fd99b30e-9502-4287-b284-e54cc4fafb0c	0	13	Coarse_Person	sidney rivera
81e632af-e2c5-430d-9b5a-86f58fe2b8ce	14	26	Coarse_Person	nick kyrgios
23aa9e73-802b-4c34-b2b1-93e5d74718b0	38	50	Coarse_Person	nick kyrgios
23aa9e73-802b-4c34-b2b1-93e5d74718b0	17	31	Coarse_Person	novak djokovic
0f739752-0713-4a38-b9da-2ed09a6961fc	13	27	Coarse_Person	alex kirilloff
4cc1751b-a268-4569-b33f-8582902c7749	10	29	Coarse_Person	eurelijus žukauskas
6d03536e-1e15-475a-8de6-654ee598ff3f	0	17	Coarse_Person	anastasia myskina
6d03536e-1e15-475a-8de6-654ee598ff3f	42	59	Coarse_Person	elena likhovtseva
44dc5a40-142f-4f0c-b2b4-8f78d1556262	50	63	Coarse_Person	arnold palmer
e648d2a3-9e43-4774-b946-084147a00284	18	42	Coarse_Group	richard childress racing
e648d2a3-9e43-4774-b946-084147a00284	0	14	Coarse_Person	dale earnhardt
070871dc-ed3d-4bb7-bd52-45a5aa4a742a	32	42	Coarse_Person	meg mallon
070871dc-ed3d-4bb7-bd52-45a5aa4a742a	59	73	Coarse_Person	karen stupples
0453a6c9-a25a-4083-8bb6-ab325e4dc768	0	13	Coarse_Person	angela haynes
0453a6c9-a25a-4083-8bb6-ab325e4dc768	14	25	Coarse_Person	ahsha rolle
2a2eab0a-2a03-43a5-825c-df91d30ceb05	67	83	Coarse_Person	daniel gildenlöw
2a2eab0a-2a03-43a5-825c-df91d30ceb05	88	104	Coarse_Person	ronnie james dio
2a2eab0a-2a03-43a5-825c-df91d30ceb05	51	66	Coarse_Person	bruce dickinson
d862f1f2-2bf3-4065-ba58-c9d40d9301c4	9	23	Coarse_Person	roberto bonano
2127ddd9-be24-43ac-9b50-60784277f595	47	61	Coarse_Person	harris english
5dcef1cc-7a3f-4d93-b0de-69b92a70ac99	67	82	Coarse_Person	michael ballack
5dcef1cc-7a3f-4d93-b0de-69b92a70ac99	42	52	Coarse_Person	roy makaay
cb73ff1e-25eb-42a9-8920-9a1a37959289	37	51	Coarse_Person	upton sinclair
cb73ff1e-25eb-42a9-8920-9a1a37959289	52	65	Coarse_Person	stephen crane
cb73ff1e-25eb-42a9-8920-9a1a37959289	70	84	Coarse_Person	hamlin garland
badd8cf5-2443-4e67-be59-18e67e2c092c	4	14	Coarse_Creative_Work	iron sheik
1b3cd535-c6cc-40b1-aee2-f4e89bc547f7	36	46	Coarse_Person	tom mcevoy
1b3cd535-c6cc-40b1-aee2-f4e89bc547f7	25	35	Coarse_Group	pokerstars
80d4e12d-1e02-415a-b2af-73b48da0a6fa	78	93	Coarse_Person	charlie kimball
0a180438-8787-45c9-8a0d-e74f2760f9a5	44	55	Coarse_Person	peter thiel
d495108d-d41f-4c20-8b3c-00366f537e81	70	84	Coarse_Person	william foulke
eb0f99e8-260a-4000-a0d6-e12f9df37455	58	69	Coarse_Person	corey pavin
eb0f99e8-260a-4000-a0d6-e12f9df37455	23	33	Coarse_Person	lee janzen
eb0f99e8-260a-4000-a0d6-e12f9df37455	49	57	Coarse_Person	tom kite
eb0f99e8-260a-4000-a0d6-e12f9df37455	85	98	Coarse_Person	payne stewart
eb0f99e8-260a-4000-a0d6-e12f9df37455	0	9	Coarse_Person	ernie els
cffdcaf4-5155-48b4-8d55-b7d0334fbf3a	0	13	Coarse_Person	john bromwich
cffdcaf4-5155-48b4-8d55-b7d0334fbf3a	16	28	Coarse_Person	adrian quist
cffdcaf4-5155-48b4-8d55-b7d0334fbf3a	52	64	Coarse_Person	bill sidwell
cffdcaf4-5155-48b4-8d55-b7d0334fbf3a	38	49	Coarse_Person	geoff brown
3104bd17-8187-4d37-907a-20716d363ede	49	60	Coarse_Group	noam elkies
3104bd17-8187-4d37-907a-20716d363ede	30	32	Coarse_Person	a.
0c5240ef-9f2e-4146-af17-37891dd926fa	59	68	Coarse_Person	joe louis
0c5240ef-9f2e-4146-af17-37891dd926fa	32	40	Coarse_Medical	freezing
b113a47d-397b-48ca-8b74-74a45b2da782	0	18	Coarse_Person	blackjack mulligan
34b1c509-7d57-46e4-837e-7e336d0d3a4f	25	40	Coarse_Person	sébastien ogier
34b1c509-7d57-46e4-837e-7e336d0d3a4f	51	53	Coarse_Product	c3
e35347e0-283b-4610-ae7b-093810f523b2	31	45	Coarse_Person	julien mertine
2103b619-fb90-4287-84d9-a822cf981d88	66	81	Coarse_Person	aitor hernández
ae74ff54-99eb-4756-83fd-6fb62c0f7c8e	42	58	Coarse_Group	new party nippon
3e80624b-c338-44fb-8534-9d0037985d44	21	25	Coarse_Product	jeep
72cfe593-5e10-4c60-a3e1-12d86d0db4ee	90	99	Coarse_Group	fbi agent
d75bbb3a-bd76-494b-9bd6-b4eda81a73a7	106	112	Coarse_Creative_Work	shorts
d75bbb3a-bd76-494b-9bd6-b4eda81a73a7	48	65	Coarse_Group	columbia pictures
6880f00c-59ea-4096-83a4-f2b3d1caa263	48	70	Coarse_Group	australian labor party
6880f00c-59ea-4096-83a4-f2b3d1caa263	17	24	Coarse_Location	federal
7e185c5f-7c9d-426d-804e-dd9d0d3cc6c2	17	60	Coarse_Group	australian criminal intelligence commission
c91ce3e6-4c17-4b0a-a4dd-96f64093249a	38	50	Coarse_Group	ku klux klan
1c6f5eeb-19fc-4e1d-8e22-7379e311920b	12	25	Coarse_Group	global greens
fcf1533c-2473-4a16-ad28-eeadbb83964b	42	77	Coarse_Group	union of democrats and independents
d98f75ef-5a56-49f5-a048-7d2a764147ee	30	69	Coarse_Group	minnesota democratic–farmer–labor party
d98f75ef-5a56-49f5-a048-7d2a764147ee	10	22	Coarse_Person	rebecca otto
90a2d648-5554-4c69-aabb-c7b71dbab975	8	13	Coarse_Medical	child
45dd4223-a7f8-4d40-a0a1-17d7967739ec	29	40	Coarse_Group	broad front
e4aed4c4-bb03-436e-a4e5-5fef9b8256c9	71	84	Coarse_Group	marvel comics
e4aed4c4-bb03-436e-a4e5-5fef9b8256c9	37	57	Coarse_Creative_Work	american comic books
c0d08f1f-cfd2-4608-a164-c562e980d008	26	44	Coarse_Group	victoria 's secret
0b4ab174-8a6e-46e5-9108-ffb59a4d2017	42	62	Coarse_Group	jehovah 's witnesses
ebc59b58-c742-45c5-aff2-f00177629ede	46	51	Coarse_Group	otaru
ebc59b58-c742-45c5-aff2-f00177629ede	66	89	Coarse_Group	hokkaido takushoku bank
b9318741-0d42-4fd3-952b-0257e5e764b6	11	18	Coarse_Location	startup
b9318741-0d42-4fd3-952b-0257e5e764b6	0	5	Coarse_Group	kiswe
f94cbf1e-dd85-4da9-b0ed-c6ba510408eb	80	133	Coarse_Group	international centre for hydrogen energy technologies
ba9d0e77-b832-48de-b0dc-57fe26699178	107	121	Coarse_Creative_Work	made in jersey
ba9d0e77-b832-48de-b0dc-57fe26699178	98	101	Coarse_Group	cbs
118e01f2-a7ea-4fa0-af89-b09c4dd022f8	38	78	Coarse_Group	world organization of the scout movement
e16918fc-82c9-4c17-9132-de58c97ecbf5	0	15	Coarse_Person	arthur scargill
bdb08763-6b7d-43e5-abff-983552795059	17	44	Coarse_Group	united states census bureau
931d9f94-39d8-4c47-aa45-e8394690976f	45	70	Coarse_Group	indian everest expedition
af6946ec-06b6-406e-be69-3572db9cba0f	2	12	Coarse_Group	republican
5b2b5423-4924-4b6e-b77d-ee3afedbe1e8	0	10	Coarse_Group	purina one
13390b19-d993-40f0-a489-9ffe1605f13e	29	32	Coarse_Group	kew
f3eeb876-4705-4551-af80-efc2a3e1b35e	64	85	Coarse_Group	austrian armed forces
e798f794-81d9-44ca-888e-747a21dbbdba	58	74	Coarse_Group	balaji telefilms
e798f794-81d9-44ca-888e-747a21dbbdba	12	23	Coarse_Group	ekta kapoor
5dd690f7-1121-4748-8f0f-9167f59e7656	17	44	Coarse_Group	united states census bureau
55780c10-e72c-40aa-90c7-aea60c422ecd	37	40	Coarse_Group	cbs
55780c10-e72c-40aa-90c7-aea60c422ecd	46	55	Coarse_Person	jim nantz
cfc0ae1d-270c-432c-823c-3254d20bb54f	147	152	Coarse_Group	ofcom
787e8c44-7910-4f86-ba3d-411a25884626	10	21	Coarse_Group	peace corps
39e72f81-12cb-47f2-8692-eded70eef4c3	25	47	Coarse_Group	liberal democrat group
eb192c5d-595d-4a72-b33e-48c62e5a4254	38	62	Coarse_Group	romanian communist party
1e88a877-57af-400a-8119-9f4a16fde3b4	4	9	Coarse_Group	party
08fa124d-994f-4061-8a68-2eaa980d1fe3	25	31	Coarse_Group	toyota
c8760ce4-d8e2-4a28-9a90-ca11a9927719	17	44	Coarse_Group	united states census bureau
ab467a80-526d-4d9e-bb5e-0d37a2121a23	47	54	Coarse_Location	austria
ab467a80-526d-4d9e-bb5e-0d37a2121a23	39	43	Coarse_Group	bank
3916d953-4341-41da-b045-9cd45b2b0029	30	55	Coarse_Group	university college london
0192cbe6-c7fb-4af1-ab91-a8732d0f24e6	24	43	Coarse_Group	kumamoto prefecture
4f121baa-5957-4335-8291-0a864b19e87f	26	52	Coarse_Group	48th highlanders of canada
8434195e-a9af-4833-9c26-c03bbe8ee053	0	9	Coarse_Group	democrats
8434195e-a9af-4833-9c26-c03bbe8ee053	50	61	Coarse_Group	republicans
1a4cd6eb-a7d7-41b9-a245-d5cee0fff19a	68	72	Coarse_Creative_Work	antz
1a4cd6eb-a7d7-41b9-a245-d5cee0fff19a	86	99	Coarse_Creative_Work	a bug 's life
1a4cd6eb-a7d7-41b9-a245-d5cee0fff19a	77	82	Coarse_Group	pixar
1a4cd6eb-a7d7-41b9-a245-d5cee0fff19a	56	67	Coarse_Group	dreamworks'
ea7e6e36-4ab6-4575-abb2-331d26a62db6	39	49	Coarse_Group	pax forlag
6dc5252a-bcce-4d78-98ee-05f7b94002fe	17	44	Coarse_Group	united states census bureau
799b94ba-910c-4293-833b-db89880ee94d	32	72	Coarse_Group	alliance of independent social democrats
0c0d99ae-2956-4f4c-8562-cc6df9e84fed	25	45	Coarse_Group	massachusetts senate
6974107f-9341-46bf-96e5-ad97fdcc12a2	30	55	Coarse_Group	lions clubs international
6974107f-9341-46bf-96e5-ad97fdcc12a2	64	80	Coarse_Creative_Work	china daily news
6974107f-9341-46bf-96e5-ad97fdcc12a2	0	10	Coarse_Person	whang peng
760849c7-3bec-4709-86d5-d2cc18e7f019	0	24	Coarse_Group	indian national congress
e8999f34-4b7b-4522-a951-8a672d70fc18	30	34	Coarse_Group	nato
51adcc0e-c6d7-46b3-9342-0522ed73ab1c	57	65	Coarse_Medical	chlorine
1ba5603e-5c0e-4991-93a6-9a1b3c36434c	111	123	Coarse_Medical	fermentation
cb13726c-aba6-4cd6-a399-5ad17468859a	53	62	Coarse_Medical	nalmefene
cb13726c-aba6-4cd6-a399-5ad17468859a	39	49	Coarse_Medical	naltrexone
cb13726c-aba6-4cd6-a399-5ad17468859a	124	136	Coarse_Medical	thiafentanil
c6800897-de27-4065-9af6-bb95404e3cb6	0	7	Coarse_Product	hormone
25f725ed-2f2c-4882-8248-603464d5fe5a	65	76	Coarse_Medical	misoprostol
25f725ed-2f2c-4882-8248-603464d5fe5a	48	60	Coarse_Medical	mifepristone
257f7af8-f3c4-4002-8493-7fd236c36fda	27	41	Coarse_Medical	amphotericin b
b28a6f4b-5005-487e-84c0-136ad9c6f07e	0	9	Coarse_Medical	liniments
b28a6f4b-5005-487e-84c0-136ad9c6f07e	41	45	Coarse_Medical	heat
3bcfea0d-16b6-4af0-a1ab-dd5150ec9914	26	34	Coarse_Medical	diuretic
f6b138ac-3624-48d5-acc2-dc26479395a8	80	100	Coarse_Medical	antibiotic treatment
f6ffd39c-891f-47f4-9fad-555ceb0a0b72	56	64	Coarse_Medical	fentanyl
f6ffd39c-891f-47f4-9fad-555ceb0a0b72	94	103	Coarse_Medical	lidocaine
e7780fe1-6913-4a70-9523-5f984b9f4517	0	22	Coarse_Person	gregory goodwin pincus
e7780fe1-6913-4a70-9523-5f984b9f4517	53	68	Coarse_Person	min chueh chang
7c18f448-20da-4ae1-950b-aaa67430acc4	109	120	Coarse_Medical	ziprasidone
7c18f448-20da-4ae1-950b-aaa67430acc4	92	104	Coarse_Medical	aripiprazole
0a9dc575-057e-42b9-9ae4-d4cb665213b7	104	113	Coarse_Medical	glutamine
6a1303e2-07fb-45e3-83e3-8a86650ec24f	0	14	Coarse_Medical	telangiectasia
6a1303e2-07fb-45e3-83e3-8a86650ec24f	95	109	Coarse_Medical	varicose veins
6a1303e2-07fb-45e3-83e3-8a86650ec24f	63	76	Coarse_Medical	venous reflux
7c83b32f-727b-4a0a-813c-39c3c73173c7	52	70	Coarse_Medical	gaucher 's disease
1f42b296-d225-44d1-b887-fdf34d277bb8	57	66	Coarse_Medical	threshold
1f42b296-d225-44d1-b887-fdf34d277bb8	67	78	Coarse_Medical	retinopathy
faae36a7-d8df-4c1c-9ad7-82d6fa0393a0	77	93	Coarse_Medical	chytridiomycosis
aeb1f00f-a394-4c73-a61a-ae4e4e6ed585	5	11	Coarse_Medical	niacin
1146d6cc-140e-4a3c-94bf-9454d1cce81a	15	28	Coarse_Medical	schizophrenia
1146d6cc-140e-4a3c-94bf-9454d1cce81a	108	128	Coarse_Medical	parkinson 's disease
0f0a9974-751b-4e9b-8b93-7df59267bc63	59	82	Coarse_Medical	internal elastic lamina
0f0a9974-751b-4e9b-8b93-7df59267bc63	10	24	Coarse_Medical	rhinosinusitis
5a33a18b-6d2a-4824-9eb3-4786f1edc83d	45	86	Coarse_Medical	postural orthostatic tachycardia syndrome
63a3c4fe-8fd9-4e13-86e2-9654ba1e281e	12	21	Coarse_Medical	pneumonia
28c1c5ed-b032-4031-a886-f404c7edd100	25	36	Coarse_Medical	self-poison
28c1c5ed-b032-4031-a886-f404c7edd100	11	21	Coarse_Medical	pesticides
bdc47410-ca97-48f5-9cd9-3cb7e95ce4ca	16	39	Coarse_Medical	spinal disc herniations
9afa055f-9059-4b10-aeef-e591284b2ef5	0	22	Coarse_Medical	lumbar spinal stenosis
9afa055f-9059-4b10-aeef-e591284b2ef5	98	108	Coarse_Medical	herniation
28787c12-cb12-40a8-84cb-01a6e85efcc6	61	68	Coarse_Medical	fingers
33d07306-c9d9-4d65-aba9-58e185347b92	0	5	Coarse_Medical	polio
46441132-7e22-430a-8e5e-a8b956c9941a	27	39	Coarse_Medical	stage fright
320ace4f-ea3e-4203-99cb-5b2cfd4a87c8	18	25	Coarse_Location	cologne
3e69fa98-e6f6-4fba-a2b9-21ac9839f326	3	25	Coarse_Location	bosnia and herzegovina
1670a317-8083-468f-918e-6ba4aea7a3df	38	42	Coarse_Location	nome
1476abbe-bc8c-49a1-ab4b-6f1fd9a8f37a	33	40	Coarse_Group	hickory
1476abbe-bc8c-49a1-ab4b-6f1fd9a8f37a	45	51	Coarse_Group	lenoir
9cee596d-e459-4ccb-8e91-4ca174a9838e	27	36	Coarse_Location	yerington
4cc788a0-630d-4cc2-8d31-c198fd18d1eb	52	63	Coarse_Location	broken hill
8b3daba0-bb7b-4c55-87f1-cff7333c3d19	41	45	Coarse_Location	bonn
6cd732cb-90a0-426d-a2c0-ba84dda700d2	28	34	Coarse_Location	mongol
9734252f-8494-45c5-af71-ce76fcc3e4ba	126	143	Coarse_Location	tsardom of russia
9734252f-8494-45c5-af71-ce76fcc3e4ba	42	54	Coarse_Location	golden horde
19e964b7-9746-4c49-8e59-2d244de2d22b	20	37	Coarse_Location	tavares , florida
f696c499-9cfd-4822-bfc8-3d73c6b96eb0	44	50	Coarse_Location	norway
26b8cebb-2d61-4ce4-818b-3740ecfb030c	38	47	Coarse_Group	australia
26b8cebb-2d61-4ce4-818b-3740ecfb030c	54	66	Coarse_Person	kristy hinze
cedfc0f3-868d-4256-b5fe-5c4418e7ef4d	82	87	Coarse_Location	sudan
d0a6d085-51f6-4e6f-b910-f1e278cb4d28	11	20	Coarse_Location	rotterdam
915737d6-bd7d-4922-af88-fe4d89511a1e	33	46	Coarse_Location	bad salzuflen
915737d6-bd7d-4922-af88-fe4d89511a1e	21	28	Coarse_Location	münster
eea2235b-c00f-4b31-8df4-2dd0462f2f90	59	64	Coarse_Location	japan
87b09a67-488e-4ce5-b044-9aa84d432163	117	123	Coarse_Location	france
2cd98590-858a-4907-9499-23edf1c69e0c	14	23	Coarse_Location	kozhikode
2cd98590-858a-4907-9499-23edf1c69e0c	50	56	Coarse_Location	canada
2cd98590-858a-4907-9499-23edf1c69e0c	36	45	Coarse_Location	bangalore
a133185d-96f2-4182-bcf7-c7456ac0dd0f	16	34	Coarse_Location	wausau , wisconsin
9322b268-b254-4452-92b1-6e4ea0b54bc4	30	37	Coarse_Location	tobolsk
04edfc81-e1b5-400b-bb65-30b65423a521	47	52	Coarse_Location	paris
bd9492a9-5a71-4af6-9ae3-0a4eebedd98f	26	49	Coarse_Person	paolo marcello brignoli
bd9492a9-5a71-4af6-9ae3-0a4eebedd98f	85	91	Coarse_Location	greece
8d8fe747-1c9a-4e49-91c5-34169399bdc6	46	65	Coarse_Location	arcata , california
8d8fe747-1c9a-4e49-91c5-34169399bdc6	30	42	Coarse_Location	redwood bowl
e617db81-2acd-449c-99a0-4812f6430aa3	99	120	Coarse_Location	alexandria , virginia
e617db81-2acd-449c-99a0-4812f6430aa3	18	35	Coarse_Location	washington , d.c.
3d3bb023-f4ee-4071-9119-3def2b1a68b1	58	71	Coarse_Location	united states
3371cd29-d135-4a18-b2c3-9993b16658fe	30	51	Coarse_Location	paterson , new jersey
3371cd29-d135-4a18-b2c3-9993b16658fe	52	65	Coarse_Location	united states
1a12114f-17c9-42b9-a9a6-dd16e1259773	47	53	Coarse_Location	caguas
caea9776-43ec-4f14-af6a-e12cb28d7bae	34	58	Coarse_Location	new london , connecticut
563f1bdf-3fbe-4e20-aad5-8098ae3ef53b	55	59	Coarse_Location	győr
6f5b1998-3450-462a-89d8-d4a8904ee371	80	101	Coarse_Location	gainesville , florida
6f5b1998-3450-462a-89d8-d4a8904ee371	32	58	Coarse_Location	alfred a. mckethan stadium
32cb45aa-57c0-4f9e-ba9e-dadce86a5b25	71	93	Coarse_Location	jacksonville , florida
ee18e35f-fd43-476f-99d9-a334f823fd47	80	91	Coarse_Location	petah tikva
dec4713b-6229-4d75-a821-3bf9beedfee0	49	56	Coarse_Location	tunisia
15576f41-6863-484f-9332-8034da6c7287	96	104	Coarse_Location	surabaya
e0faf018-00d0-400a-87bb-6f6376d6706a	29	46	Coarse_Location	kingdom of mercia
fdbca3c0-63bf-4b72-b479-63e623e8a54c	30	38	Coarse_Location	chorzele
fdbca3c0-63bf-4b72-b479-63e623e8a54c	71	77	Coarse_Location	warsaw
fdbca3c0-63bf-4b72-b479-63e623e8a54c	48	57	Coarse_Location	przasnysz
0d1dec41-8975-47f5-9120-8da9e34f67bf	69	89	Coarse_Group	lawrenceville school
0d1dec41-8975-47f5-9120-8da9e34f67bf	20	38	Coarse_Location	buffalo , new york
bd576594-d83b-4314-b8c3-a979e46d1972	61	74	Coarse_Location	korean empire
bd576594-d83b-4314-b8c3-a979e46d1972	39	46	Coarse_Group	taegeuk
7e78d6dc-83f6-405a-91f7-0518004d5f29	62	74	Coarse_Location	philadelphia
7e78d6dc-83f6-405a-91f7-0518004d5f29	43	58	Coarse_Group	wanamaker organ
628ea1f6-3596-470c-9ce3-f9d5d217a93f	43	54	Coarse_Location	ivory coast
0d5829d0-6ceb-43c0-880f-342351161e55	33	49	Coarse_Group	buddhist temples
0d5829d0-6ceb-43c0-880f-342351161e55	53	58	Coarse_Location	japan
0d5829d0-6ceb-43c0-880f-342351161e55	0	8	Coarse_Location	kōshō ji
89b12b51-8e6e-4d6c-a937-5abe43ecb165	30	51	Coarse_Location	san jose , california
609ff6a6-6141-4739-9209-ba10672386fb	15	28	Coarse_Location	san francisco
14f51eeb-e72b-4664-8fc2-b2b943865e24	3	11	Coarse_Location	barbados
b2b62b8a-2fba-46f5-937e-8e4ee1b686ac	52	64	Coarse_Group	magnitogorsk
2b0f7793-a069-40fc-86e1-580ac16fc71b	15	24	Coarse_Location	jerusalem
c610e76d-dde9-4471-b0f8-670e8cbf81c3	55	61	Coarse_Group	romans
c610e76d-dde9-4471-b0f8-670e8cbf81c3	0	9	Coarse_Person	decebalus
c610e76d-dde9-4471-b0f8-670e8cbf81c3	18	23	Coarse_Location	dacia
58a13ac2-4a7a-43fb-9ea2-4ab914e169f0	4	16	Coarse_Location	ming dynasty
cb22b533-fbbe-45b6-a23e-51621746d259	2	10	Coarse_Product	schooner
654db6b1-8003-4465-b1c9-fb2ba934e514	6	14	Coarse_Person	napoleon
cb72f19b-4582-4ebe-9e21-db1be1d6166f	51	63	Coarse_Group	conglomerate
cb72f19b-4582-4ebe-9e21-db1be1d6166f	2	9	Coarse_Group	chaebol
cb72f19b-4582-4ebe-9e21-db1be1d6166f	38	50	Coarse_Location	south korean
95c7c245-05f2-487d-80a0-9e093c971b58	17	26	Coarse_Location	australia
3545abd1-46f0-4288-a779-fad8bcc9a8e4	29	39	Coarse_Location	davao city
16deb531-b27a-48e7-9f08-ec321fea7629	27	33	Coarse_Location	german
16deb531-b27a-48e7-9f08-ec321fea7629	44	70	Coarse_Person	friedrich arnold brockhaus
9ad85900-ae41-4e90-a1b2-0556ac943a36	41	54	Coarse_Location	united states
34681d21-5391-4c6f-a7f6-b40fdfee2d76	112	124	Coarse_Location	kuba kingdom
471c4b7a-6c31-4169-9f60-847dea2e8311	86	100	Coarse_Location	united kingdom
1bcb7a93-a273-435c-b614-db441d60745f	18	41	Coarse_Location	mount vernon , new york
d9b97754-b9ce-468b-925f-d45f855dc99d	0	6	Coarse_Location	lusaka
6a64bfea-f4a2-4336-bd38-c4d23ecb5d60	79	89	Coarse_Location	shoreditch
0d7d9863-352d-4274-85a1-399d47a16bd7	46	63	Coarse_Location	washington , d.c.
0d7d9863-352d-4274-85a1-399d47a16bd7	23	45	Coarse_Location	congressional cemetery
a6009e65-c9cd-4928-b38a-dfe59b4ce3ae	0	35	Coarse_Person	prince william , duke of cumberland
a6009e65-c9cd-4928-b38a-dfe59b4ce3ae	81	87	Coarse_Location	london
a6009e65-c9cd-4928-b38a-dfe59b4ce3ae	64	80	Coarse_Location	cavendish square
872f3aa7-9540-49ef-b37a-554e98a420bf	63	74	Coarse_Location	ivory coast
ca435c4d-4d29-4a1a-a10c-98f3ea636d11	38	70	Coarse_Group	smock alley theatre organisation
ca435c4d-4d29-4a1a-a10c-98f3ea636d11	16	22	Coarse_Location	dublin
b7d55880-7a89-4152-991a-e4acee0f8609	3	9	Coarse_Location	sweden
f44adffb-6cff-47e2-932b-52a216771a16	23	49	Coarse_Location	port townsend , washington
f44adffb-6cff-47e2-932b-52a216771a16	58	68	Coarse_Product	ecotourism
6a8f0d82-3d5a-4d40-ace3-8368ae627e2b	57	63	Coarse_Location	serbia
6a8f0d82-3d5a-4d40-ace3-8368ae627e2b	32	40	Coarse_Location	lajkovac
60c152cb-d265-4ac6-b570-6621ea8c102d	114	119	Coarse_Location	spain
045ae28c-ff12-4c5a-8984-50d3656777a5	75	84	Coarse_Location	cape town
c747ef66-b5e8-4347-8e25-c9e0a174e1a9	20	37	Coarse_Location	joliet , illinois
fb6592aa-ed3f-4c9a-8215-2ab0cd0b97b3	59	65	Coarse_Location	poland
2eaac52d-9bca-4d84-ba24-5ab53018c99a	19	47	Coarse_Location	prince albert , saskatchewan
7931aec2-2d05-43aa-8efb-73f05e6d35a8	21	29	Coarse_Location	portland
d8d708fe-c92b-4736-aadb-d9a2c91740ac	35	44	Coarse_Medical	emphysema
d8d708fe-c92b-4736-aadb-d9a2c91740ac	11	31	Coarse_Location	burbank , california
c0a3db65-9161-482f-af80-fca423be5561	47	54	Coarse_Location	prussia
c0a3db65-9161-482f-af80-fca423be5561	100	107	Coarse_Location	germany
561952cf-31ca-416c-a699-53aa11e55a13	9	18	Coarse_Location	venezuela
561952cf-31ca-416c-a699-53aa11e55a13	76	87	Coarse_Person	rolf singer
7b25adb2-ddff-426b-aae5-87cdec8a8c55	15	25	Coarse_Location	madagascar
3c76bffe-5edd-41bb-a5ad-8fa423caeea5	78	100	Coarse_Location	brandenburg , kentucky
e6e90e9d-b59d-4151-8bb7-d41b1fe0aefe	107	120	Coarse_Group	ebay auctions
efdc115d-3900-4cb9-9cc0-70f625addf5c	58	68	Coarse_Group	woolworths
d0e38654-3705-4a80-beb2-7c09d17da337	0	19	Coarse_Person	daniel a. d'aniello
d0e38654-3705-4a80-beb2-7c09d17da337	70	87	Coarse_Group	the carlyle group
131af73f-0db6-4d46-b06f-b41713772681	78	100	Coarse_Group	lukoil vagit alekperov
23fd4afc-d9e2-44d0-98e6-2f8d468c077f	59	65	Coarse_Creative_Work	google
23fd4afc-d9e2-44d0-98e6-2f8d468c077f	46	54	Coarse_Creative_Work	facebook
dd042279-8392-48b4-9195-f24f81afbf6a	36	42	Coarse_Group	alstom
d9a9639e-fe65-40d6-b9e3-a0ad41e2734a	75	86	Coarse_Group	novolipetsk
73b60214-3816-4a2c-96b0-6d55354da5ed	0	13	Coarse_Person	george kaiser
73b60214-3816-4a2c-96b0-6d55354da5ed	26	51	Coarse_Group	bok financial corporation
dacaed5c-457f-4a48-af92-0566fee5d2f2	25	36	Coarse_Group	iheartmedia
305e6d1a-3292-450a-b39e-888180d5c02d	14	28	Coarse_Location	uralvagonzavod
e4729ac2-dae0-4719-95ef-f8b526afb71f	101	113	Coarse_Location	oulu airport
e4729ac2-dae0-4719-95ef-f8b526afb71f	80	96	Coarse_Location	helsinki airport
e4729ac2-dae0-4719-95ef-f8b526afb71f	0	7	Coarse_Group	finnair
e4729ac2-dae0-4719-95ef-f8b526afb71f	12	33	Coarse_Group	norwegian air shuttle
2fe003d8-1d04-4ede-a13e-8116ac0f26f7	47	64	Coarse_Group	verisign security
2fe003d8-1d04-4ede-a13e-8116ac0f26f7	35	43	Coarse_Group	symantec
934b99dc-26b7-430a-ae7a-67b47050e6bd	54	70	Coarse_Group	general electric
0daf6250-4c8a-4a65-8e8c-068e81a2bafc	26	42	Coarse_Group	zodiac aerospace
1ee6624f-05a6-497a-932b-60255d1d8dab	15	26	Coarse_Group	bure equity
a875e362-e602-492c-a6ee-aa036ea384a3	29	55	Coarse_Group	west japan railway company
d6918e7b-9cf3-4384-990f-8f7ea351b1af	24	37	Coarse_Group	cumulus media
c93a6926-8109-4be9-bd45-3d6f4eb3dba9	64	86	Coarse_Creative_Work	apgujeong midnight sun
da3544c4-0e19-4587-a84d-abb85d143cdf	0	18	Coarse_Creative_Work	the cast of heroes
4c4ad0bc-518d-4340-9a2c-4a9203eec514	21	39	Coarse_Creative_Work	misfits & monsters
4c4ad0bc-518d-4340-9a2c-4a9203eec514	0	17	Coarse_Person	bobcat goldthwait
9d0f3a74-0ad9-486e-b919-8e2dd15d4a15	34	48	Coarse_Creative_Work	topper returns
16b51243-7e94-40ca-a29c-2c8ca00fe095	0	12	Coarse_Creative_Work	the starlost
16b51243-7e94-40ca-a29c-2c8ca00fe095	15	21	Coarse_Location	canada
bab3c8d7-af4a-44dc-837b-52265da5445e	26	29	Coarse_Group	cbs
9b688965-e308-4e8e-b129-70f103abf964	92	107	Coarse_Person	christine hakim
9b688965-e308-4e8e-b129-70f103abf964	65	76	Coarse_Person	sjumandjaja
9b688965-e308-4e8e-b129-70f103abf964	33	42	Coarse_Creative_Work	1974 film
d76b2966-cff6-4274-8994-d73941eba3d9	20	31	Coarse_Location	tallahassee
d76b2966-cff6-4274-8994-d73941eba3d9	7	14	Coarse_Creative_Work	the man
d76b2966-cff6-4274-8994-d73941eba3d9	39	46	Coarse_Person	pinkner
87b10e65-e50e-48c4-9f32-53b7775eaefa	28	44	Coarse_Person	sarah-jane potts
87b10e65-e50e-48c4-9f32-53b7775eaefa	85	95	Coarse_Creative_Work	holby city
4e6dcf60-43eb-4c92-b39e-abbe67f25e03	0	12	Coarse_Person	wes anderson
4e6dcf60-43eb-4c92-b39e-abbe67f25e03	21	45	Coarse_Creative_Work	the grand budapest hotel
da7fe23b-202b-4b2a-83d1-c065c86e9413	14	22	Coarse_Creative_Work	scarface
28e637ba-7fb6-45dd-8e35-5491c6dc554a	67	70	Coarse_Group	abc
28e637ba-7fb6-45dd-8e35-5491c6dc554a	84	94	Coarse_Creative_Work	ugly betty
77f036c9-ae74-4267-b609-641c00bd4c0f	20	32	Coarse_Creative_Work	last embrace
77f036c9-ae74-4267-b609-641c00bd4c0f	56	70	Coarse_Person	jonathan demme
6ff16a2d-a8ab-4bc0-ae63-b9e00a22c72a	46	60	Coarse_Creative_Work	you got served
b047f5b6-aef6-4bcc-bafc-7e19b94185d8	32	42	Coarse_Creative_Work	clone high
b047f5b6-aef6-4bcc-bafc-7e19b94185d8	12	27	Coarse_Creative_Work	bless the harts
fc964f9b-3cff-4b48-8c84-d5949e31fa84	101	134	Coarse_Creative_Work	inauguration of the pleasure dome
fc964f9b-3cff-4b48-8c84-d5949e31fa84	69	82	Coarse_Person	kenneth anger
2d3e3c7e-354c-403b-acbb-f3ebaf4c7394	47	56	Coarse_Creative_Work	the bitch
2f82ce7a-d163-499d-8d0a-e22048955073	74	85	Coarse_Person	andy garcía
2f82ce7a-d163-499d-8d0a-e22048955073	49	59	Coarse_Creative_Work	modigliani
2f82ce7a-d163-499d-8d0a-e22048955073	28	45	Coarse_Person	beatrice hastings
23dd3657-9d42-4652-b859-7449f4fe9895	73	84	Coarse_Creative_Work	crime chase
23dd3657-9d42-4652-b859-7449f4fe9895	9	21	Coarse_Creative_Work	the last run
ae6d9d38-c9df-418b-81b9-dda81d4fa12b	39	55	Coarse_Creative_Work	charity specials
ae6d9d38-c9df-418b-81b9-dda81d4fa12b	60	76	Coarse_Group	children in need
ceb9f4e9-3352-40ad-b39b-e7b7d862e136	6	15	Coarse_Creative_Work	cutscenes
90bb57eb-87de-4094-a06e-4b71111819cc	19	31	Coarse_Person	frank welker
90bb57eb-87de-4094-a06e-4b71111819cc	126	138	Coarse_Creative_Work	gotham girls
90bb57eb-87de-4094-a06e-4b71111819cc	80	97	Coarse_Person	dee bradley baker
82e31dac-b39a-4039-aa40-b0971b1aefe2	61	71	Coarse_Creative_Work	hallelujah
db4bd196-9002-4b42-a09f-8d8b6f63b5a4	33	41	Coarse_Creative_Work	the view
790058a8-284d-4c49-bbda-7dac6b418135	50	64	Coarse_Person	václav marhoul
790058a8-284d-4c49-bbda-7dac6b418135	70	76	Coarse_Creative_Work	tobruk
68ccde75-2386-4d5d-a862-7bcfb3e6b7d3	60	73	Coarse_Group	hanna-barbera
68ccde75-2386-4d5d-a862-7bcfb3e6b7d3	77	107	Coarse_Creative_Work	the perils of penelope pitstop
eb2c1b4b-0da2-44fe-8519-a883c94d6fbe	51	64	Coarse_Person	carl franklin
eb2c1b4b-0da2-44fe-8519-a883c94d6fbe	5	19	Coarse_Creative_Work	one true thing
a4690eeb-74b5-4700-a374-97f9b4c30254	84	96	Coarse_Person	ray winstone
a4690eeb-74b5-4700-a374-97f9b4c30254	44	60	Coarse_Creative_Work	london boulevard
a4690eeb-74b5-4700-a374-97f9b4c30254	70	83	Coarse_Person	colin farrell
a4690eeb-74b5-4700-a374-97f9b4c30254	101	116	Coarse_Person	keira knightley
7f3daead-50aa-4469-b3ac-ac432cec9cdc	0	18	Coarse_Creative_Work	sinfonia antartica
7f3daead-50aa-4469-b3ac-ac432cec9cdc	94	116	Coarse_Creative_Work	scott of the antarctic
9c5ece2e-2a7e-4d24-80ab-260601433152	23	57	Coarse_Creative_Work	on foot , on horse , and on wheels
e6373d77-3f29-4210-9634-69de46418cfe	30	78	Coarse_Creative_Work	master and commander : the far side of the world
a2bfc456-7b61-4262-9cee-6d9261dc1d08	25	40	Coarse_Person	elizabeth banks
a2bfc456-7b61-4262-9cee-6d9261dc1d08	0	15	Coarse_Creative_Work	pitch perfect 2
110ccdd7-c35b-4a32-9d29-0c3b787f6227	49	67	Coarse_Creative_Work	something of value
110ccdd7-c35b-4a32-9d29-0c3b787f6227	28	44	Coarse_Creative_Work	pinky no way out
5d95633c-ae2d-4eea-9dc2-c4015b3de310	0	11	Coarse_Group	madventures
f9ccff9b-7153-4f02-a082-b7fbfa6105da	2	14	Coarse_Creative_Work	musical film
dfe1a82e-65a1-4cd4-90f1-503bca1474f5	32	42	Coarse_Creative_Work	black jack
deec663d-de2d-46c4-af00-73f2dcfe793c	19	36	Coarse_Creative_Work	on the waterfront
0e5a78f9-d730-4569-bd00-72ab53500fca	25	72	Coarse_Creative_Work	a nightmare on elm street 2 : freddy 's revenge
dc2b4267-1930-45b6-859b-463d28110a97	45	62	Coarse_Creative_Work	the chubbchubbs !
d0f136d8-fdb7-4e36-a383-f652ac196916	47	50	Coarse_Group	abc
d0f136d8-fdb7-4e36-a383-f652ac196916	76	84	Coarse_Creative_Work	our sons
d0f136d8-fdb7-4e36-a383-f652ac196916	18	31	Coarse_Person	julie andrews
7061452c-3181-4df1-994e-0f3bd074eb46	68	78	Coarse_Person	mel gibson
7061452c-3181-4df1-994e-0f3bd074eb46	24	41	Coarse_Person	gillian armstrong
7061452c-3181-4df1-994e-0f3bd074eb46	0	11	Coarse_Creative_Work	mrs. soffel
7061452c-3181-4df1-994e-0f3bd074eb46	51	63	Coarse_Person	diane keaton
bff1a0f5-7ad0-42eb-9de6-98fc16534cb0	30	36	Coarse_Creative_Work	temper
bff1a0f5-7ad0-42eb-9de6-98fc16534cb0	41	55	Coarse_Person	jyothi lakshmi
87f342fd-a994-43cd-b076-1dce8a8d50e9	9	20	Coarse_Product	target ship
67b0823c-8c6f-4982-9762-5321a039a267	51	55	Coarse_Product	u-17
67b0823c-8c6f-4982-9762-5321a039a267	34	40	Coarse_Location	german
cac27dbd-707c-413d-93f2-f5e4cca1662a	112	122	Coarse_Product	solar cars
0de48403-2fdc-44f4-bc12-adc37c0f4af9	20	27	Coarse_Product	gunboat
ef8e3282-848b-48e0-8b3c-537d8db5277a	20	37	Coarse_Product	protected cruiser
4367846f-f62b-486b-b921-e098ec40b42c	45	51	Coarse_Group	boeing
50e01684-b758-459f-a7a3-0355eb5a7a92	54	60	Coarse_Product	2-6-2t
50e01684-b758-459f-a7a3-0355eb5a7a92	36	45	Coarse_Group	lms ivatt
beb530a4-9814-4cf7-a999-fcff89226c33	37	50	Coarse_Group	ferry service
acab720c-1409-4eef-847e-6d56150a77c1	105	112	Coarse_Group	riviera
ef031964-653d-40db-aaa5-5ff66eee7aae	0	4	Coarse_Group	beep
2e69fb5f-f209-4a03-8d9f-64d3f786d22c	0	18	Coarse_Group	diesel locomotives
b851533a-94e6-4b7d-a7c3-1eb629044c84	0	14	Coarse_Group	uss san marcos
b851533a-94e6-4b7d-a7c3-1eb629044c84	24	28	Coarse_Group	casa
36ca300c-d081-4197-a0e7-aaa846be3a92	104	121	Coarse_Product	steam locomotives
1c5d0aa2-0e39-4868-aede-ac6383370039	48	54	Coarse_Product	czajka
379d4370-328f-4b7d-8f47-cd10ac7ccbea	40	52	Coarse_Group	mg xpower sv
a443574a-d40f-4459-8591-ee21ae354fd6	0	18	Coarse_Location	hôtel-dieu de lyon
90d6dee0-9546-481a-99e9-d7856172e5bc	21	34	Coarse_Location	changi prison
d020948f-380b-43ca-8878-a33501e918b2	0	8	Coarse_Group	premises
ea95c15e-6ad4-47e0-ad3b-696d64519751	37	79	Coarse_Group	santragachi kedarnath institution , howrah
ab0c44f1-abb7-4168-a6e8-50f7f0c9733d	13	28	Coarse_Location	debtors' prison
25e55708-1f6a-4f18-a5b0-58fe185b7975	54	63	Coarse_Location	penistone
e6dae2b1-40e8-442e-9ea9-82a2b712e4b2	52	72	Coarse_Location	solovetsky monastery
0679ff32-acdb-4429-b5ef-3967211252c4	9	16	Coarse_Location	mosques
cef5996d-944b-4cc4-88c0-6060e8622b81	46	55	Coarse_Location	dormitory
99d26899-8a3c-424a-a90e-5efdc01800cf	14	25	Coarse_Location	barn church
fae09cbc-9a34-4e51-a88c-b7aa8bb0d4d2	52	66	Coarse_Location	wilanów palace
d50bd673-4cbc-4059-b4b3-39278f50ecbf	37	54	Coarse_Location	st. jakob stadium
d50bd673-4cbc-4059-b4b3-39278f50ecbf	0	5	Coarse_Group	basel
479d5860-66ae-4cd2-9702-ecf704fd534c	13	22	Coarse_Location	monastery
95a4158f-b65f-4014-84f5-a1412214c677	73	80	Coarse_Person	pei wei
95a4158f-b65f-4014-84f5-a1412214c677	112	126	Coarse_Group	einstein bros.
9e837b31-25bc-46bb-b3b9-7c97d1eafebb	64	73	Coarse_Location	landfills
9e837b31-25bc-46bb-b3b9-7c97d1eafebb	90	102	Coarse_Medical	solid wastes
fbdebc86-5e2a-40d7-ad13-f2f0c6582ec7	39	46	Coarse_Location	sulzhof
d2b7a726-0f26-4e6f-9321-57c3387acb82	41	66	Coarse_Location	washington , pennsylvania
2ba9a795-ed39-4f24-8087-e402c32380b5	27	48	Coarse_Location	new recreation ground
56c82ee7-be58-4cee-aad2-c0bb5d9baad7	93	101	Coarse_Location	sorbonne
56c82ee7-be58-4cee-aad2-c0bb5d9baad7	33	46	Coarse_Person	fernand léger
12d87458-6d57-4f0b-941a-501537f7cdf1	36	48	Coarse_Location	wvu coliseum
12d87458-6d57-4f0b-941a-501537f7cdf1	52	78	Coarse_Location	morgantown , west virginia
4af0dee4-7af7-473a-8dae-7db61aeb5942	108	133	Coarse_Group	detroit institute of arts
c7f60e80-9a36-442d-bf36-1df8f399d58d	31	48	Coarse_Location	lomnica monastery
7dad4528-7122-4a01-b539-1bac828ae049	26	36	Coarse_Location	nysø manor
fe1ef2e9-121e-4fab-ba40-6d57b4755cd3	12	20	Coarse_Location	heritage
e60f2241-c763-43c7-bd9b-08d66a50383e	63	75	Coarse_Location	oschersleben
48f8024a-529c-412c-9def-d264719004af	22	41	Coarse_Group	mikhailovsky ballet
dfc84a31-f636-4a8c-9088-cc2bf194216a	35	67	Coarse_Location	thomas j. watson research center
dfc84a31-f636-4a8c-9088-cc2bf194216a	28	31	Coarse_Group	ibm
baaf6021-7b7c-4007-aee7-492ed876c8e0	20	28	Coarse_Location	biłgoraj
c7c6d91a-ba61-46ff-9be2-dccbe85c103c	0	13	Coarse_Location	castle cornet
e4ab9029-cbe3-41a0-a1c5-0a601dd9b57d	34	43	Coarse_Group	vale park
e4ab9029-cbe3-41a0-a1c5-0a601dd9b57d	94	110	Coarse_Person	john connaughton
e4ab9029-cbe3-41a0-a1c5-0a601dd9b57d	64	76	Coarse_Person	alan boswell
b14df359-e42b-4be6-8643-93816855267e	7	25	Coarse_Location	st. luke 's church
b14df359-e42b-4be6-8643-93816855267e	44	80	Coarse_Creative_Work	national register of historic places
f99b9c2a-f1ff-4df8-8bb3-0e335092072a	52	58	Coarse_Location	verona
f99b9c2a-f1ff-4df8-8bb3-0e335092072a	37	51	Coarse_Location	palazzo giusti
b44bec72-e154-4e4c-a735-b6a0b55d1b33	84	97	Coarse_Location	ancient egypt
b44bec72-e154-4e4c-a735-b6a0b55d1b33	4	30	Coarse_Location	metropolitan museum of art
d34aac24-9a4e-402a-8f3b-063b81823635	37	42	Coarse_Medical	zarih
528b0c33-ec82-4ff9-824e-a7d3c9b93c4b	0	11	Coarse_Location	cubbon park
2490cbf7-1ed6-4e77-9b8f-1029f01bbf6e	58	78	Coarse_Location	crabtree valley mall
bc3477b6-81b7-403c-9f94-8c73143c6b92	74	83	Coarse_Group	studio 54
bf73942e-9a3c-4e63-aec9-de3e56bf86f0	62	66	Coarse_Group	tate
5238fade-1dcd-4371-9974-8b9511ca336e	0	15	Coarse_Location	fort margherita
5238fade-1dcd-4371-9974-8b9511ca336e	24	31	Coarse_Location	kuching
f83c050e-ffb0-4021-be68-6781a822f263	30	54	Coarse_Group	new england conservatory
d702c5cb-1baf-4aae-a9b5-651266867f09	0	9	Coarse_Group	elevators
385f736b-16be-429f-b85e-8b1cc216edf8	0	21	Coarse_Person	christoffer lundquist
385f736b-16be-429f-b85e-8b1cc216edf8	42	53	Coarse_Product	bass guitar
1ca88646-bb8b-4ac8-8666-a1b0d990b0e9	27	37	Coarse_Product	szczerbiec
b5cd215a-07bd-4853-a408-84d5b07c1a47	77	83	Coarse_Group	snecma
c2c78b35-a421-4a27-93cc-88519f5d4a4c	8	14	Coarse_Product	hawken
e0d70932-9280-450f-ad63-569aa4ff605e	33	44	Coarse_Product	honda cb750
afa64981-c330-4e6a-888e-bb4e6cf5246c	33	60	Coarse_Creative_Work	a legend of the round table
afa64981-c330-4e6a-888e-bb4e6cf5246c	30	32	Coarse_Creative_Work	on
a725a528-092e-4423-a663-30834a85689c	126	142	Coarse_Product	game boy advance
a725a528-092e-4423-a663-30834a85689c	67	81	Coarse_Product	game boy color
56f6caf3-d615-48ed-8511-e89208184e47	0	19	Coarse_Product	packard super eight
5d7b4d54-dfd7-4b51-b708-f9543efe16a0	97	111	Coarse_Product	motorola 68000
5d7b4d54-dfd7-4b51-b708-f9543efe16a0	48	56	Coarse_Product	apple ii
5d7b4d54-dfd7-4b51-b708-f9543efe16a0	67	76	Coarse_Product	zilog z80
5d7b4d54-dfd7-4b51-b708-f9543efe16a0	77	80	Coarse_Group	mos
5d7b4d54-dfd7-4b51-b708-f9543efe16a0	26	29	Coarse_Group	ibm
c5741b4a-95c0-4bd9-ab37-dc0c1158b7b7	37	48	Coarse_Medical	fly-by-wire
ae6fc19a-eafa-4b3a-a263-8d02e76a0f25	109	116	Coarse_Product	engines
272a75c6-7327-45f0-8879-8f264f066476	65	71	Coarse_Product	djembe
8bd619e3-ee07-4b02-8ae5-9d7c9721272f	28	37	Coarse_Product	dual mode
1dd39395-8d51-411b-99b7-2e142d32b23f	0	10	Coarse_Group	efficiency
f2341f72-2e46-4b59-af6e-002f1bb4ecab	33	40	Coarse_Product	molotov
094f2ef0-8f83-4a3f-b1f7-fc3e089d936f	13	31	Coarse_Product	atari 8-bit family
0cbb56c4-ebdc-4f1b-b74c-ec8920a650a7	35	48	Coarse_Group	carmam aiglon
85c817d5-2cce-41e3-82e3-938d041ff8d5	63	68	Coarse_Product	steam
efcce0a2-171c-403b-88a7-867d2a344ce4	8	15	Coarse_Medical	nuclear
efcce0a2-171c-403b-88a7-867d2a344ce4	0	4	Coarse_Person	mark
73f15907-b1fc-4679-96a7-f7c66fd5e056	47	59	Coarse_Medical	oscilloscope
73446991-0925-4750-b8dc-d8e2b517fc5d	141	146	Coarse_Medical	water
73446991-0925-4750-b8dc-d8e2b517fc5d	2	8	Coarse_Medical	siphon
0d071fd5-5b17-40b1-b905-1d79b34f945d	0	16	Coarse_Person	r. daneel olivaw
7261e634-a4bd-4ed5-a9df-cd70796e62e9	2	11	Coarse_Group	pulse jet
fe491d7c-183f-4056-ae55-f1b535939973	9	23	Coarse_Product	electric motor
fe491d7c-183f-4056-ae55-f1b535939973	0	5	Coarse_Location	china
d7a0c45e-2061-453d-82fa-71a34d9738e1	20	30	Coarse_Group	shinkansen
e11da784-d597-4bcd-b58e-215bc0aba221	0	6	Coarse_Product	censer
63591fce-4fd8-422a-ac0d-0f54a685d43a	88	95	Coarse_Product	dinette
58568656-5f19-49d3-9039-1dc3fc96c80e	0	25	Coarse_Person	charles francis adams sr.
b196193b-d52a-4eef-b34a-2288f5e12bcb	93	104	Coarse_Person	glen murray
60e6edf3-71ab-4a21-830a-0653eb030b7b	52	62	Coarse_Group	manggūltai
51d913e7-4c2f-4791-a8d4-04dafbd16ae6	45	52	Coarse_Person	ferdous
51d913e7-4c2f-4791-a8d4-04dafbd16ae6	37	44	Coarse_Person	shabnur
51d913e7-4c2f-4791-a8d4-04dafbd16ae6	53	71	Coarse_Person	ahmed prabir mitra
51d913e7-4c2f-4791-a8d4-04dafbd16ae6	28	36	Coarse_Person	moushumi
51d913e7-4c2f-4791-a8d4-04dafbd16ae6	9	27	Coarse_Person	mithun chakraborty
51d913e7-4c2f-4791-a8d4-04dafbd16ae6	76	88	Coarse_Person	ahmed sharif
c8e42ddf-75a1-4400-bb42-886f4b856142	5	25	Coarse_Person	frans van cauwelaert
f985e4f5-a758-400f-8c0e-57af97b5867e	40	53	Coarse_Person	tomasz nałęcz
79a92c68-ca7b-46cc-858f-87679fc0bbda	72	87	Coarse_Person	oliver cromwell
79a92c68-ca7b-46cc-858f-87679fc0bbda	38	56	Coarse_Person	sir henry cromwell
636b68c9-fa40-4584-b25e-57ea5683f3db	57	71	Coarse_Person	henry l. dawes
4e363f01-26c8-460c-b93e-987f23a8f876	39	43	Coarse_Person	béla
8512ef03-c4bc-4e0c-928f-234480cb1e91	82	93	Coarse_Person	roger hsieh
8512ef03-c4bc-4e0c-928f-234480cb1e91	64	77	Coarse_Person	peng ming-min
218cfffd-ac3b-4667-9f63-04b88e813229	77	89	Coarse_Person	kálmán tisza
43f84c61-3f90-4bbd-81eb-578e7683a348	46	55	Coarse_Group	australia
43f84c61-3f90-4bbd-81eb-578e7683a348	59	72	Coarse_Person	james scullin
43f84c61-3f90-4bbd-81eb-578e7683a348	0	12	Coarse_Person	joseph lyons
93a52ece-a4e6-4085-9b67-7306fc86b209	9	27	Coarse_Person	edoardo sanguineti
d0902a27-9582-4e5a-8537-90676ae842c1	35	55	Coarse_Person	henry iii of england
452a6c57-ad0d-48f9-82ec-9842e1960261	24	52	Coarse_Group	democratic nationalist party
452a6c57-ad0d-48f9-82ec-9842e1960261	82	92	Coarse_Person	a. c. cuza
452a6c57-ad0d-48f9-82ec-9842e1960261	64	77	Coarse_Person	nicolae iorga
f52a5eb3-ba57-4d0e-8701-e03718391a34	36	46	Coarse_Group	kalabhavan
f52a5eb3-ba57-4d0e-8701-e03718391a34	47	51	Coarse_Group	mani
f52a5eb3-ba57-4d0e-8701-e03718391a34	56	69	Coarse_Group	adoor bhavani
f52a5eb3-ba57-4d0e-8701-e03718391a34	15	21	Coarse_Group	mukesh
f52a5eb3-ba57-4d0e-8701-e03718391a34	22	26	Coarse_Group	suma
f52a5eb3-ba57-4d0e-8701-e03718391a34	27	35	Coarse_Group	sukumari
96c3e9ce-e443-4177-97ad-fc21db86bd63	4	18	Coarse_Person	walter johnson
60cbf2a4-9958-4910-ae11-0779e9902df8	33	38	Coarse_Location	color
1970abc9-207e-479d-91e7-8e6374b5e861	61	71	Coarse_Person	david duke
d7f6091e-ade9-446a-af72-63b9474b3ba1	17	41	Coarse_Location	patria of constantinople
d7f6091e-ade9-446a-af72-63b9474b3ba1	61	74	Coarse_Person	theodosius ii
09ca9cc3-6f6f-4d45-8d5e-feb091381aaa	15	28	Coarse_Person	david cameron
7db63c2c-e6f1-457a-973f-f68cb28aadf8	0	16	Coarse_Person	lord clanricarde
d88065b1-8402-4812-8b36-a7464842f38b	48	62	Coarse_Person	fatimah hashim
c08e8af0-5c3a-4115-8390-3f624c3a7806	0	17	Coarse_Person	judith schwentner
5ca92825-d8d1-49e9-9d7a-282657897e0d	0	12	Coarse_Person	admiral hood
6ab31d33-4bb0-4667-94bc-c4c4e44a848b	62	74	Coarse_Person	frances cuka
6ab31d33-4bb0-4667-94bc-c4c4e44a848b	78	97	Coarse_Person	catherine of aragon
6ab31d33-4bb0-4667-94bc-c4c4e44a848b	102	112	Coarse_Person	jane asher
6ab31d33-4bb0-4667-94bc-c4c4e44a848b	116	128	Coarse_Person	jane seymour
56380749-49df-4c65-ac9e-d39c9d14b339	50	55	Coarse_Group	ch'oe
081a7a58-f592-4732-a941-b9ee4b732549	77	86	Coarse_Person	messalina
081a7a58-f592-4732-a941-b9ee4b732549	110	123	Coarse_Person	herod agrippa
e23aa8ae-1ae7-47cd-bd6d-6471a7c38f95	53	63	Coarse_Group	el sistema
e23aa8ae-1ae7-47cd-bd6d-6471a7c38f95	0	18	Coarse_Person	josé antonio abreu
9aab7f53-814f-43c6-98a0-e8f6644575e3	103	111	Coarse_Person	geoffrey
68f88d97-7e71-4a99-989b-e7d05cf67dbb	40	63	Coarse_Person	peder brønnum scavenius
73a6ea8f-b28a-4017-8e3c-3b25282f8e81	36	41	Coarse_Person	herod
a04da3b9-2a99-403a-890b-352602b0e918	0	19	Coarse_Person	george bernard shaw
a04da3b9-2a99-403a-890b-352602b0e918	38	51	Coarse_Person	mary pickford
a04da3b9-2a99-403a-890b-352602b0e918	20	37	Coarse_Person	douglas fairbanks
a04da3b9-2a99-403a-890b-352602b0e918	56	73	Coarse_Person	margaret thatcher
35bde3b5-7a0b-494a-a109-f05f9897fedc	61	76	Coarse_Group	mohammad khanlu
e6fc9a8c-aec1-4fb6-a582-9842d74ffcdc	29	39	Coarse_Person	paolo orsi
8c56e3e3-7058-4f70-a538-409c7fbcd1e3	62	74	Coarse_Person	kate carnell
56be4261-5a15-4724-81b9-20c17ea5b497	26	50	Coarse_Group	progressive conservative
56be4261-5a15-4724-81b9-20c17ea5b497	51	68	Coarse_Person	gilbert chartrand
0b50b048-f2a3-4eb8-bcc1-de78afbf9deb	61	74	Coarse_Person	joseph stalin
4873d35c-f194-41b3-8c10-4c337b1313fc	34	70	Coarse_Creative_Work	national register of historic places
75846148-4f6d-4944-a6e3-ecf7a128de9a	30	42	Coarse_Creative_Work	snow country
75846148-4f6d-4944-a6e3-ecf7a128de9a	0	17	Coarse_Person	yasunari kawabata
48866376-8a0c-413b-851c-1935edb8dacb	0	6	Coarse_Person	handel
48866376-8a0c-413b-851c-1935edb8dacb	82	92	Coarse_Creative_Work	king james
48866376-8a0c-413b-851c-1935edb8dacb	24	31	Coarse_Creative_Work	messiah
0e6cd948-222b-4839-ae87-83b60ea8544c	28	33	Coarse_Group	maxim
e891a8ad-2ba9-453d-9b1a-ef7a82b4e95c	21	57	Coarse_Creative_Work	national register of historic places
6d4824b2-1c20-4501-9e00-6470eb002428	21	57	Coarse_Creative_Work	national register of historic places
fbd9e5b3-b726-4eb9-8209-201b0eaa961f	7	22	Coarse_Creative_Work	first described
fbd9e5b3-b726-4eb9-8209-201b0eaa961f	26	43	Coarse_Person	johannes winnertz
ab150842-ef5e-4039-a630-15a782925eac	82	89	Coarse_Creative_Work	welcome
ab150842-ef5e-4039-a630-15a782925eac	56	67	Coarse_Person	howard moss
ab150842-ef5e-4039-a630-15a782925eac	35	49	Coarse_Creative_Work	the new yorker
740eb682-7489-4226-97a2-1cf4599b3573	8	24	Coarse_Creative_Work	kansas city star
99ce6071-542f-4576-ba9f-da5747e46ff0	0	12	Coarse_Group	the avengers
396331a2-ba51-4c52-9923-f58ffd25ee23	41	46	Coarse_Creative_Work	punch
9c8d6a09-eb1b-414b-b454-9e1ea643bb0d	67	81	Coarse_Creative_Work	dagens nyheter
f8a3b80b-a5aa-4d20-b194-4f9fc546bd0c	82	89	Coarse_Group	fortune
3ccf0252-898a-46e7-ba13-6d946bd99d15	53	66	Coarse_Creative_Work	amader shomoy
7fb68344-2b9a-4263-bab0-d4e5c28e7a9a	21	57	Coarse_Creative_Work	national register of historic places
b0f29164-d7ac-4f64-988c-8d343411892e	0	14	Coarse_Person	joseph sattler
b0f29164-d7ac-4f64-988c-8d343411892e	111	114	Coarse_Creative_Work	pan
02e27dd3-aa24-4897-9b36-2251034da55a	0	11	Coarse_Person	roger ebert
02e27dd3-aa24-4897-9b36-2251034da55a	19	36	Coarse_Creative_Work	chicago sun-times
78e3bcb4-4b83-4fac-b6da-d7d8280bd772	21	57	Coarse_Creative_Work	national register of historic places
b3941333-4b90-45aa-803d-576a2640ecce	20	56	Coarse_Creative_Work	national register of historic places
67e3486b-aeea-442c-954e-deb0bf77b910	54	58	Coarse_Creative_Work	1839
67e3486b-aeea-442c-954e-deb0bf77b910	11	34	Coarse_Person	gustavus franklin swift
5b497c99-ee8c-4b03-ae1d-b13629c05a19	4	19	Coarse_Creative_Work	hindustan times
0b06903a-89fc-4dba-867c-05fe06ae4351	2	15	Coarse_Creative_Work	rolling stone
566ddd79-45ee-4a56-9d69-9819521161d4	132	138	Coarse_Creative_Work	tihkal
566ddd79-45ee-4a56-9d69-9819521161d4	121	127	Coarse_Creative_Work	pihkal
566ddd79-45ee-4a56-9d69-9819521161d4	0	17	Coarse_Person	alexander shulgin
eb86ca46-e24e-4c79-86dc-1f51e9cf4338	21	57	Coarse_Creative_Work	national register of historic places
f7d5418d-c132-48d6-be80-823bf1134bf2	89	97	Coarse_Person	stan lee
1e316aec-635a-45aa-b24d-59239f4bd972	12	32	Coarse_Creative_Work	anchorage daily news
b4be1b6e-1c8f-4fe7-bc13-2f4aba191361	5	24	Coarse_Creative_Work	kölnische rundschau
783cc7fe-eeb6-4fdf-b6e5-a79ff704d279	14	29	Coarse_Person	chester ronning
783cc7fe-eeb6-4fdf-b6e5-a79ff704d279	60	64	Coarse_Creative_Work	1984
041195a2-745e-4c54-bd6a-5d1644069f1c	53	66	Coarse_Person	james baldwin
6606acdd-28c9-406b-a8da-919c56fa14d9	31	67	Coarse_Creative_Work	national register of historic places
e051ebbc-51bb-4652-ba77-0933d1caa4c6	0	11	Coarse_Person	w. b. yeats
e051ebbc-51bb-4652-ba77-0933d1caa4c6	40	54	Coarse_Location	united kingdom
e051ebbc-51bb-4652-ba77-0933d1caa4c6	12	22	Coarse_Creative_Work	irish poet
2cea25fa-d6cf-47aa-b326-04d76b9006c6	30	66	Coarse_Creative_Work	national register of historic places
384a7e51-dbbb-4787-89e7-e5907ab861fe	117	132	Coarse_Creative_Work	the persian boy
031b900e-2dd0-4f73-8d1e-fb204bb612a1	46	52	Coarse_Group	dragon
9d159dd8-c5a4-43ae-aefa-ed27e2973fea	33	41	Coarse_Group	doggerel
9d159dd8-c5a4-43ae-aefa-ed27e2973fea	47	65	Coarse_Person	william mcgonagall
1eacbaf8-3341-4917-bb7c-1a2a9544a55d	38	49	Coarse_Creative_Work	dime novels
f295580a-6319-481e-8975-ad08cac6fde4	77	113	Coarse_Creative_Work	national register of historic places
54443f53-d031-4eb7-b294-76afe4967d9b	29	41	Coarse_Creative_Work	daily mirror
246f3f97-48d4-46cf-93af-d7842d176f0d	35	59	Coarse_Person	augustus radcliffe grote
246f3f97-48d4-46cf-93af-d7842d176f0d	16	31	Coarse_Creative_Work	first described
f4c30339-a766-47ee-85bd-039085ab7587	0	17	Coarse_Creative_Work	publishers weekly
cb7500f6-f1c9-4ea1-b9b5-1deb8c4ec3fb	0	33	Coarse_Creative_Work	broken sword : the angel of death
98680b32-ef3c-487b-88ea-68b01fd4d545	57	62	Coarse_Product	gacha
d422a7d4-a57a-4bde-82e2-7e916089826d	43	58	Coarse_Creative_Work	forza horizon 3
62943083-a8eb-4c58-9032-2231dd8f452f	0	2	Coarse_Group	it
3166b79b-c6e4-457c-888f-fdc5da75a1b7	25	30	Coarse_Creative_Work	tidal
560ce296-6696-468b-bc5c-37fef71dd939	0	14	Coarse_Product	word processor
f14894e6-0774-40fc-ba27-0be1c2f35f84	28	35	Coarse_Creative_Work	elsword
de698c34-ffd1-499f-945f-55574cc915d8	45	65	Coarse_Creative_Work	assassin 's creed ii
a7327a10-f646-4fa9-bf75-b2bea32bd470	32	36	Coarse_Creative_Work	apps
6fbecfc5-cc1c-4611-8f65-f46cd82313e2	25	50	Coarse_Creative_Work	star wars : empire at war
6fbecfc5-cc1c-4611-8f65-f46cd82313e2	71	81	Coarse_Person	matt sloan
3bb2df7e-6171-43fb-bd4c-d1cec6cbd540	53	59	Coarse_Creative_Work	itunes
d42066af-cbb0-436b-a1be-ef6a7fafae30	98	104	Coarse_Product	ms-dos
d42066af-cbb0-436b-a1be-ef6a7fafae30	35	40	Coarse_Product	amiga
d42066af-cbb0-436b-a1be-ef6a7fafae30	72	80	Coarse_Product	atari st
d42066af-cbb0-436b-a1be-ef6a7fafae30	81	93	Coarse_Product	commodore 64
74869c0d-52f8-459f-a1b8-b07c128ddc06	9	29	Coarse_Creative_Work	planescape : torment
a5f8c0d5-ec97-4a22-b62d-84e3d423d890	55	63	Coarse_Group	telegram
6a5628eb-3600-42eb-bbe5-e377a9b25b2e	12	18	Coarse_Group	twitch
b62e4ba9-7a62-4c63-8639-d5323843e7f8	106	115	Coarse_Creative_Work	caesar ii
5c9169d9-7fa4-4804-ab0a-327f5360492d	0	6	Coarse_Group	os/360
f63aaf91-22a9-4337-bfe4-a65805bea26a	39	46	Coarse_Creative_Work	browser
27929f17-26b8-41d6-b33d-2152ae965187	15	31	Coarse_Creative_Work	internet archive
7246d87b-c343-4290-b2ae-7c9b49f17874	0	15	Coarse_Group	gallon smashing
7246d87b-c343-4290-b2ae-7c9b49f17874	121	128	Coarse_Creative_Work	youtube
7246d87b-c343-4290-b2ae-7c9b49f17874	69	86	Coarse_Location	vienna , virginia
eb27f11a-ae86-4cdb-b804-6b884e901df0	13	23	Coarse_Creative_Work	style file
eb27f11a-ae86-4cdb-b804-6b884e901df0	28	33	Coarse_Creative_Work	latex
1a816672-7566-4fb8-b74c-2bb54cda4604	25	41	Coarse_Group	ubisoft montreal
05bdbfa8-5227-42ba-8961-ab4db02c82b9	48	60	Coarse_Creative_Work	cardinal syn
05bdbfa8-5227-42ba-8961-ab4db02c82b9	34	43	Coarse_Creative_Work	dark rift
b29ce1a9-32c7-43b1-8c5e-1e4dd47d0990	33	44	Coarse_Location	rijksmuseum
b29ce1a9-32c7-43b1-8c5e-1e4dd47d0990	53	65	Coarse_Group	wereldmuseum
5722be92-d04f-4b2c-8e40-cc8c021a681c	0	10	Coarse_Group	wellington
5722be92-d04f-4b2c-8e40-cc8c021a681c	56	69	Coarse_Group	athletic park
bef2e7db-1573-46d9-bdd3-ade07a9f02a5	43	76	Coarse_Group	diamond fund permanent exposition
9af5f198-939c-4f45-8a1a-6b52fa65c332	48	75	Coarse_Group	virginia historical society
cbec9128-7d80-48e6-8386-629822b45029	103	131	Coarse_Location	geostationary transfer orbit
cbec9128-7d80-48e6-8386-629822b45029	52	67	Coarse_Location	low earth orbit
beff0955-7cc2-4f1d-89b6-a95798b4bc45	67	73	Coarse_Location	vienna
beff0955-7cc2-4f1d-89b6-a95798b4bc45	42	56	Coarse_Group	united nations
14ee9e4c-64b6-4fc1-897b-88137eff3259	67	100	Coarse_Location	north woolwich old station museum
5f86e0a4-b1e5-4340-807f-38506b02a37b	37	46	Coarse_Location	rotterdam
5f86e0a4-b1e5-4340-807f-38506b02a37b	21	33	Coarse_Group	wereldmuseum
63704710-f5f0-48c6-ab1a-1ecb85f9a76c	23	45	Coarse_Group	hollywood walk of fame
bfddc214-98b6-4ff2-ae67-2ae117ecb4fd	30	56	Coarse_Group	canadian golf hall of fame
9e4b28c3-24df-43d4-a698-d36e545f0706	81	99	Coarse_Location	munich stadtmuseum
4dca98bf-3581-4909-b8a2-fe9214b1b174	89	109	Coarse_Location	fleet air arm museum
4dca98bf-3581-4909-b8a2-fe9214b1b174	113	122	Coarse_Location	yeovilton
06254790-66ab-49a7-805c-c7551821e9c8	47	68	Coarse_Group	vanderbilt university
0b74d0ef-1360-4082-8622-523860bac6fc	0	4	Coarse_Product	vada
fe0639fe-6263-418e-b7f7-4bd6b9da6f64	96	105	Coarse_Product	anchovies
3380c2d9-1813-4cb4-9a58-480b4989c6f8	0	13	Coarse_Product	rice puddings
6744a18d-d965-48bf-a799-54604acd578c	67	70	Coarse_Product	ham
7f239d9d-e6be-4c19-8cf3-4a327cb8ac56	54	69	Coarse_Product	turkish delight
7f239d9d-e6be-4c19-8cf3-4a327cb8ac56	47	53	Coarse_Group	fry 's
413480d0-7759-42ee-b487-d4a5902b4836	45	50	Coarse_Product	rasam
9434945a-0dc5-4c57-b532-6ee32c343b9a	0	7	Coarse_Product	beignet
16100a5e-a98a-484e-bf38-fe9e2292168a	52	65	Coarse_Medical	carbohydrates
40ff2570-6dfe-4823-96ff-58eae7445c09	68	93	Coarse_Medical	genetically modified food
40ff2570-6dfe-4823-96ff-58eae7445c09	12	22	Coarse_Product	flavr savr
7de4ba19-dd5f-4545-ac97-559ebd69bc1e	0	12	Coarse_Medical	volvopluteus
217dd2db-bd81-47b1-9c78-04b86a1805e7	0	7	Coarse_Group	fitness
600e5de9-38fa-4c0f-b2a0-edc223aa0090	130	143	Coarse_Product	wedding cakes
0d8e8b7e-a7e7-4202-abf3-74210f348552	30	37	Coarse_Product	caramel
adf465b8-e156-4354-ac42-3c72842837fe	36	50	Coarse_Group	chili festival
3ed15997-74f9-4add-a8f4-4ec3175306df	58	70	Coarse_Group	désenchantée
57d92a04-5d2e-496a-9ddd-d5e07e29c031	43	60	Coarse_Person	modest mussorgsky
57d92a04-5d2e-496a-9ddd-d5e07e29c031	70	83	Coarse_Creative_Work	boris godunov
57d92a04-5d2e-496a-9ddd-d5e07e29c031	25	30	Coarse_Location	paris
206d297c-ce8a-46a3-80e9-635ecadefc74	44	52	Coarse_Creative_Work	o canada
206d297c-ce8a-46a3-80e9-635ecadefc74	65	83	Coarse_Creative_Work	god save the queen
cc598342-b54f-48af-a34b-5766b6358981	24	31	Coarse_Creative_Work	sanctus
246a9919-f79a-4356-b8d5-77f2a325bc3a	17	31	Coarse_Person	grahame nelson
246a9919-f79a-4356-b8d5-77f2a325bc3a	0	14	Coarse_Creative_Work	all er nothin'
43fc330d-1a56-4afc-af2b-d1fee854cef6	16	33	Coarse_Person	pietro metastasio
43fc330d-1a56-4afc-af2b-d1fee854cef6	0	13	Coarse_Creative_Work	il re pastore
a3746fbb-121a-4f2a-ab7e-359c215ba654	0	15	Coarse_Creative_Work	i pity the fool
d8fd45c6-92c3-4260-918b-90601f2878ca	42	59	Coarse_Creative_Work	who 's that chick
5242b22f-1ca7-44dc-bdca-c5d7c9309dd6	71	83	Coarse_Creative_Work	fully loaded
5242b22f-1ca7-44dc-bdca-c5d7c9309dd6	0	10	Coarse_Group	blacksmoke
17270e81-ef93-4bbc-82bc-8296d91c8488	63	79	Coarse_Creative_Work	before the storm
e63a4241-7a3a-44fa-a3e3-c95b04041e2c	8	24	Coarse_Creative_Work	someone like you
e63a4241-7a3a-44fa-a3e3-c95b04041e2c	0	5	Coarse_Group	adele
e63a4241-7a3a-44fa-a3e3-c95b04041e2c	53	66	Coarse_Person	david johnson
df500c40-bb55-4ccc-9a6f-38400a9c3166	10	52	Coarse_Creative_Work	pisces , aquarius , capricorn & jones ltd.
9b2bc5a9-bb61-4a20-abca-40489b7e0c33	58	66	Coarse_Group	eldritch
9b2bc5a9-bb61-4a20-abca-40489b7e0c33	89	99	Coarse_Creative_Work	my sharona
e6236aa6-b8eb-40ea-894c-760b70633ac3	25	37	Coarse_Group	steelfactory
6484ef1e-e6e9-4382-8d60-cbb301fa07ad	0	7	Coarse_Creative_Work	america
6484ef1e-e6e9-4382-8d60-cbb301fa07ad	10	20	Coarse_Person	paul simon
6484ef1e-e6e9-4382-8d60-cbb301fa07ad	39	56	Coarse_Group	simon & garfunkel
77f34c84-4c7e-420a-8c48-ec94ef14c675	67	74	Coarse_Creative_Work	himnusz
77f34c84-4c7e-420a-8c48-ec94ef14c675	48	55	Coarse_Location	hungary
854530c5-6509-49fe-beb5-115a11e4b6bd	50	60	Coarse_Creative_Work	wheelhouse
854530c5-6509-49fe-beb5-115a11e4b6bd	82	96	Coarse_Group	cracker barrel
fe3f0deb-685d-4f47-953a-911509a15a87	0	10	Coarse_Creative_Work	earth song
fe3f0deb-685d-4f47-953a-911509a15a87	13	17	Coarse_Person	hani
e235c048-680e-4bbf-bc54-e3ec600bffc3	0	5	Coarse_Creative_Work	jordu
e1594b65-4de7-4cd6-9a8e-d5bce59b86d6	4	17	Coarse_Person	barry manilow
e1594b65-4de7-4cd6-9a8e-d5bce59b86d6	23	33	Coarse_Creative_Work	copacabana
0ea41582-cc7b-4de8-ae24-8ce60e07a1ce	29	40	Coarse_Person	yip harburg
0ea41582-cc7b-4de8-ae24-8ce60e07a1ce	17	28	Coarse_Person	burton lane
0ea41582-cc7b-4de8-ae24-8ce60e07a1ce	0	14	Coarse_Creative_Work	old devil moon
f5b0c6bd-e3ee-4f63-afe9-94443c3f2d0f	78	95	Coarse_Creative_Work	the hour of chaos
f5b0c6bd-e3ee-4f63-afe9-94443c3f2d0f	0	12	Coarse_Group	public enemy
f5b0c6bd-e3ee-4f63-afe9-94443c3f2d0f	63	74	Coarse_Creative_Work	black steel
f5b0c6bd-e3ee-4f63-afe9-94443c3f2d0f	25	41	Coarse_Creative_Work	get in that cell
a454ef46-5178-46de-9d7a-cd0e21870367	7	25	Coarse_Creative_Work	she rocks , vol. 1
3d5ff92f-7e52-4a3e-97e7-e81fd7232c09	0	35	Coarse_Creative_Work	don't save it all for christmas day
cd5a4125-a4ca-45a0-a756-4df12ed0c4a4	41	61	Coarse_Person	paul francis webster
cd5a4125-a4ca-45a0-a756-4df12ed0c4a4	0	24	Coarse_Creative_Work	the shadow of your smile
cd5a4125-a4ca-45a0-a756-4df12ed0c4a4	27	40	Coarse_Person	johnny mandel
925b526d-796c-4c15-8ad3-2588a7a4184d	42	48	Coarse_Person	dubose
925b526d-796c-4c15-8ad3-2588a7a4184d	49	56	Coarse_Person	heyward
925b526d-796c-4c15-8ad3-2588a7a4184d	29	41	Coarse_Person	ira gershwin
925b526d-796c-4c15-8ad3-2588a7a4184d	13	28	Coarse_Person	george gershwin
925b526d-796c-4c15-8ad3-2588a7a4184d	0	10	Coarse_Creative_Work	summertime
f4d511fc-6663-4b7a-b169-4c7287fddfd4	0	14	Coarse_Person	tha carter iii
f4377fea-ccd1-486c-a43e-a62bc603bbe1	13	45	Coarse_Creative_Work	love 's about to change my heart
f4377fea-ccd1-486c-a43e-a62bc603bbe1	0	12	Coarse_Person	donna summer
642bb39a-3e12-476c-8031-065300915227	0	37	Coarse_Creative_Work	in the wee small hours of the morning
642bb39a-3e12-476c-8031-065300915227	40	52	Coarse_Person	bob hilliard
642bb39a-3e12-476c-8031-065300915227	53	63	Coarse_Person	david mann
21fc33af-887f-416e-ad92-670b51da6b25	124	133	Coarse_Creative_Work	canticles
21fc33af-887f-416e-ad92-670b51da6b25	116	123	Coarse_Creative_Work	requiem
7be4d1fa-ac23-40e2-bf7b-9ed8a9a45019	0	15	Coarse_Creative_Work	pump up the jam
7be4d1fa-ac23-40e2-bf7b-9ed8a9a45019	48	62	Coarse_Person	kamosi bogaert
7be4d1fa-ac23-40e2-bf7b-9ed8a9a45019	18	28	Coarse_Person	terry dome
9818d45c-dce1-4bff-83cb-d8b8935235c8	11	23	Coarse_Person	tadd dameron
9818d45c-dce1-4bff-83cb-d8b8935235c8	0	8	Coarse_Creative_Work	ladybird
8a548fde-a93c-4977-99a7-90614c0be4ec	89	101	Coarse_Person	sean garrett
8a548fde-a93c-4977-99a7-90614c0be4ec	64	78	Coarse_Group	massive attack
1090f236-3ca0-481a-b430-4de72b675d55	30	40	Coarse_Person	lon bender
229a31d4-856c-4949-9097-7efee1b6a383	11	26	Coarse_Person	sheryl sandberg
21d3cf3d-5293-48a0-85a8-2a826e9a2b04	35	53	Coarse_Person	john isaac hawkins
99589556-26a3-4bc4-8050-8f0922996969	0	13	Coarse_Person	alice agogino
8eb6eb00-569d-4bde-9db5-80321a351077	66	75	Coarse_Person	red adair
39a4479e-e3a8-4268-af01-6a80aefee0bb	57	61	Coarse_Group	ping
39a4479e-e3a8-4268-af01-6a80aefee0bb	0	15	Coarse_Person	karsten solheim
20161b65-daa8-4225-8a01-b45d7036468a	10	25	Coarse_Person	robert kronfeld
41629e88-6e82-456f-b8ce-7971bb6cc725	2	13	Coarse_Person	fanny gates
c994e604-9482-4227-a855-b62a8ab1020f	29	43	Coarse_Person	eugenius birch
63e93db8-c35c-4dff-9905-44776802047a	0	13	Coarse_Person	robert taylor
865b3ad9-83eb-4655-a940-56d14b7cc0cc	23	38	Coarse_Location	arati prabhakar
f86fe0e4-c0dc-4985-8878-ec5c401f08a6	21	36	Coarse_Person	william wardell
1a1b56d7-743a-4c4a-ba0c-de83e1f043dd	0	16	Coarse_Person	vladimir simonov
c3124303-273a-49b9-8fa4-ff1bed4294a4	131	147	Coarse_Group	cleveland browns
c3124303-273a-49b9-8fa4-ff1bed4294a4	38	52	Coarse_Person	bill belichick
af937890-f4a0-47b4-b565-2e6921550694	0	11	Coarse_Person	troels bech
af937890-f4a0-47b4-b565-2e6921550694	27	36	Coarse_Location	svendborg
af937890-f4a0-47b4-b565-2e6921550694	95	105	Coarse_Group	brøndby if
6a9a3e66-a9b9-4ee8-a1be-ee91749e6fa3	74	83	Coarse_Person	ben braun
df277d07-193b-4fdc-9f3c-5dcbe5e7f3ec	0	16	Coarse_Person	tommy tuberville
0c8636ad-3885-41aa-bf54-89459283bf66	72	84	Coarse_Person	jürgen klopp
ed2bb5b9-e0d7-4a96-a28a-a383c829a5a8	37	50	Coarse_Person	j. burton rix
5e1f18a8-6504-4b2f-ab23-e579ca55c7c6	0	14	Coarse_Person	hossein faraki
3c013919-bf65-49f4-896c-af24ee7785e5	36	50	Coarse_Person	dori kürschner
af20d88c-d031-4a05-b194-9fe419fae083	45	65	Coarse_Person	alejandro villanueva
ab3222db-8ce4-4fae-92eb-a3d190517545	42	50	Coarse_Person	rod reed
ab3222db-8ce4-4fae-92eb-a3d190517545	82	94	Coarse_Location	hale stadium
6e20b857-52ce-4138-9ee0-8de076988790	36	47	Coarse_Person	hope powell
75a348b5-e67f-400b-ba5d-1fc09a16af90	24	37	Coarse_Person	geno auriemma
e56c45e5-20ce-4f2d-9820-a88a8c6da42d	0	12	Coarse_Person	tommy wright
de56a664-1047-428f-8721-e90ef59c6616	32	42	Coarse_Person	paul brown
81c41ba1-bdbf-4649-8c7c-f67c3f1dc28a	13	27	Coarse_Group	virginia plain
81c41ba1-bdbf-4649-8c7c-f67c3f1dc28a	59	70	Coarse_Creative_Work	jealous guy
81c41ba1-bdbf-4649-8c7c-f67c3f1dc28a	28	58	Coarse_Creative_Work	love is the drug do the strand
e158de93-3b28-42de-9c68-83ad5eeae3ff	8	19	Coarse_Creative_Work	tame impala
e158de93-3b28-42de-9c68-83ad5eeae3ff	67	75	Coarse_Creative_Work	lonerism
0274a39a-a81d-4d7a-be41-e888d34699bf	0	19	Coarse_Person	john baker saunders
0274a39a-a81d-4d7a-be41-e888d34699bf	79	89	Coarse_Group	mad season
2349dbcc-9689-40b5-8394-d81357ded962	32	48	Coarse_Group	bbc philharmonic
24d175d2-425f-4e77-a6ac-3aad479f2286	38	62	Coarse_Group	trinity college of music
4b7a6e37-5096-4126-9052-0d9a32b55f14	35	46	Coarse_Group	spice girls
4b7a6e37-5096-4126-9052-0d9a32b55f14	58	65	Coarse_Creative_Work	wannabe
d55f86c1-3149-4576-8dc5-ec779041ccf5	44	59	Coarse_Person	stephen malkmus
d55f86c1-3149-4576-8dc5-ec779041ccf5	64	73	Coarse_Group	the jicks
480fca84-a4a6-4a9f-8a8a-7325f61eab6b	0	9	Coarse_Group	x-press 2
63359864-cabc-407e-a955-b43a757d81bb	0	16	Coarse_Person	adam schlesinger
63359864-cabc-407e-a955-b43a757d81bb	81	84	Coarse_Group	ivy
63359864-cabc-407e-a955-b43a757d81bb	58	76	Coarse_Group	fountains of wayne
a2d1cda9-1b71-4491-a3bd-03f472736366	51	71	Coarse_Group	the neville brothers
a2d1cda9-1b71-4491-a3bd-03f472736366	5	20	Coarse_Person	charles neville
af25d6d2-2b13-4091-a1fd-3bf68cefe8f4	0	17	Coarse_Creative_Work	drive-by truckers
af25d6d2-2b13-4091-a1fd-3bf68cefe8f4	18	37	Coarse_Group	southern rock opera
531a17d6-d60d-4698-b389-0866e2e794dc	42	47	Coarse_Group	timex
531a17d6-d60d-4698-b389-0866e2e794dc	69	75	Coarse_Creative_Work	rumors
7aab7dbd-dec8-49bf-be9b-d1e3e31353f6	85	95	Coarse_Creative_Work	bad brains
7aab7dbd-dec8-49bf-be9b-d1e3e31353f6	41	51	Coarse_Group	bad brains
72013d28-2a0b-4eb2-8d59-e7bd09e286c2	15	21	Coarse_Creative_Work	tripod
48d97c74-6983-4291-97b1-67f4cf794f6f	57	68	Coarse_Group	renaissance
3a399134-8cc7-460a-a3a6-f572ab35ec89	92	101	Coarse_Person	sky saxon
3a399134-8cc7-460a-a3a6-f572ab35ec89	72	81	Coarse_Group	the seeds
3a399134-8cc7-460a-a3a6-f572ab35ec89	10	22	Coarse_Person	billy corgan
19d4904e-791c-4918-b872-cd7b4f0a04f6	0	31	Coarse_Group	nick jonas & the administration
19d4904e-791c-4918-b872-cd7b4f0a04f6	34	44	Coarse_Person	nick jonas
6fae6749-6057-4555-bf8b-68f070971c56	24	36	Coarse_Group	hall & oates
6fae6749-6057-4555-bf8b-68f070971c56	65	74	Coarse_Creative_Work	two rooms
651066f8-091b-44c7-9871-9b089ed81d0f	21	33	Coarse_Group	chocquibtown
0054e0de-a793-498d-a0d8-24eb9090d34a	41	62	Coarse_Group	michigan philharmonic
b6abf272-7f65-49c6-9f2d-2c1a92477447	45	54	Coarse_Group	fischer-z
879273f4-9ad1-4491-99df-a28d993f358c	31	44	Coarse_Group	talking heads
879273f4-9ad1-4491-99df-a28d993f358c	12	27	Coarse_Creative_Work	remain in light
03e6d451-4e03-4008-b63c-3b949c28c9d4	44	59	Coarse_Group	secret chiefs 3
5e4d0bf4-b000-4552-b98a-503451b9ac80	24	38	Coarse_Person	gustavo cerati
5e4d0bf4-b000-4552-b98a-503451b9ac80	0	11	Coarse_Group	soda stereo
fdfde1df-b794-4cc9-b04b-fa924cff53e2	37	47	Coarse_Creative_Work	i see love
fdfde1df-b794-4cc9-b04b-fa924cff53e2	65	74	Coarse_Group	third day
fdfde1df-b794-4cc9-b04b-fa924cff53e2	79	100	Coarse_Person	steven curtis chapman
966ac37d-c360-4450-a970-218a842faa61	34	59	Coarse_Group	the dillinger escape plan
966ac37d-c360-4450-a970-218a842faa61	0	12	Coarse_Person	greg puciato
f5821dcc-65f0-4512-889d-440d68ba62b4	40	44	Coarse_Group	mane
f5821dcc-65f0-4512-889d-440d68ba62b4	45	53	Coarse_Group	hot boys
f5821dcc-65f0-4512-889d-440d68ba62b4	68	76	Coarse_Person	master p
f5821dcc-65f0-4512-889d-440d68ba62b4	26	33	Coarse_Creative_Work	outkast
f5821dcc-65f0-4512-889d-440d68ba62b4	54	63	Coarse_Person	lil wayne
f5821dcc-65f0-4512-889d-440d68ba62b4	34	39	Coarse_Person	gucci
a90002ad-94a1-489c-b2f0-803817d055fa	67	76	Coarse_Medical	aluminium
a90002ad-94a1-489c-b2f0-803817d055fa	6	13	Coarse_Product	ladders
52719305-93f1-46a5-885a-73704074d76e	83	93	Coarse_Medical	petiolules
09b70632-db89-4a41-8038-bb5d63ec8837	82	93	Coarse_Medical	endoneurium
09b70632-db89-4a41-8038-bb5d63ec8837	53	70	Coarse_Medical	connective tissue
41252d46-108e-4719-8f4b-450be963369b	29	33	Coarse_Medical	scar
41252d46-108e-4719-8f4b-450be963369b	53	59	Coarse_Medical	uterus
41252d46-108e-4719-8f4b-450be963369b	103	110	Coarse_Medical	uterine
41252d46-108e-4719-8f4b-450be963369b	2	11	Coarse_Medical	caesarean
fbf7cbd3-9f67-4b32-b344-389f42ce28de	59	65	Coarse_Product	helmet
d407b821-78ee-472a-8831-c48f8986aaed	0	14	Coarse_Medical	pudendal nerve
d407b821-78ee-472a-8831-c48f8986aaed	102	116	Coarse_Medical	pudendal canal
dc332537-a052-4c5a-bb35-5d2d5652560d	4	8	Coarse_Medical	bark
e522086f-83b5-47fb-9261-7f8d522e9598	22	27	Coarse_Medical	edema
e522086f-83b5-47fb-9261-7f8d522e9598	122	138	Coarse_Medical	refractive error
e522086f-83b5-47fb-9261-7f8d522e9598	106	112	Coarse_Medical	myopia
e522086f-83b5-47fb-9261-7f8d522e9598	35	47	Coarse_Medical	ciliary body
3ba2095b-5c8f-408c-b511-c8c580ba8ba2	4	9	Coarse_Product	flesh
8d9fa8e8-d103-427e-ad27-9de66edd931b	20	29	Coarse_Medical	phyllodes
8d9fa8e8-d103-427e-ad27-9de66edd931b	122	128	Coarse_Medical	midrib
f6d0e12c-ec06-431d-9d91-e51578fc5c06	101	106	Coarse_Medical	hairs
f6d0e12c-ec06-431d-9d91-e51578fc5c06	109	118	Coarse_Medical	trichomes
03bb4e85-9cb6-4495-89e3-38127f3783be	95	105	Coarse_Medical	hair cells
03bb4e85-9cb6-4495-89e3-38127f3783be	110	119	Coarse_Medical	endolymph
7dfe50f0-0c79-4266-a0aa-691e4b9ef87f	4	13	Coarse_Medical	columella
118375da-addf-48aa-b2b2-13bbe5db049c	58	62	Coarse_Medical	aril
b18a41ce-476b-4ce7-8953-b55cf111d186	4	13	Coarse_Medical	palpebral
b18a41ce-476b-4ce7-8953-b55cf111d186	96	100	Coarse_Medical	skin
b18a41ce-476b-4ce7-8953-b55cf111d186	42	59	Coarse_Medical	orbicularis oculi
239dc614-83bf-4e58-ac3a-904ca00e7743	56	69	Coarse_Medical	inflorescence
f057cba4-5b4f-43f6-9a5f-a8f5cb55fbf1	55	65	Coarse_Product	face masks
814bbdd3-854f-49c2-8cb5-866e37e430cb	17	27	Coarse_Product	petticoats
2b6bdf3a-c6bb-4367-9195-a011151d3a26	0	6	Coarse_Group	staple
fb38e75e-0602-4745-808e-a83bd546e920	114	124	Coarse_Medical	medication
fb38e75e-0602-4745-808e-a83bd546e920	42	52	Coarse_Product	sunglasses
1bf52b64-3d13-494d-b5f9-586b1432e733	0	6	Coarse_Medical	coving
e47d5940-32ab-4836-b334-d8945c42b3cb	0	4	Coarse_Group	they
e47d5940-32ab-4836-b334-d8945c42b3cb	42	48	Coarse_Product	frocks
b552fb77-d31d-4a46-b351-fbca05cf246e	19	34	Coarse_Group	pipes and drums
b552fb77-d31d-4a46-b351-fbca05cf246e	104	113	Coarse_Product	glengarry
c2fc6d80-f630-4dd1-a942-9a0bb399085f	130	140	Coarse_Product	undershirt
8df7c7c8-9786-4779-986a-1d91367928cd	34	40	Coarse_Product	amulet
71e29429-09c4-476a-a5a1-6bc1f653c41a	24	37	Coarse_Creative_Work	wedding dress
c862dd7f-2661-40f7-8273-10c54b035c43	0	13	Coarse_Person	theodore beza
c862dd7f-2661-40f7-8273-10c54b035c43	93	118	Coarse_Creative_Work	vindiciae contra tyrannos
c862dd7f-2661-40f7-8273-10c54b035c43	37	57	Coarse_Creative_Work	right of magistrates
08c17bc3-6d1f-4689-9aa2-647cce79621f	18	31	Coarse_Person	pope julius i
47329e1a-f934-4a02-8675-5e1a0c8ea9b7	73	85	Coarse_Person	jakub świnka
da3eb82a-5c02-4d12-9d67-b27ffa4595fe	19	38	Coarse_Person	alphonsus j. donlon
d17ead96-d4e0-4fc8-9ab7-f41220680554	0	18	Coarse_Person	athanasius kircher
f40c13ea-b425-4ccf-a562-11efb9d0cd0d	0	14	Coarse_Person	ercole gonzaga
d80eb80a-87a9-4786-b11e-261498ae24c3	4	25	Coarse_Creative_Work	epiphanius of salamis
d80eb80a-87a9-4786-b11e-261498ae24c3	58	64	Coarse_Person	origen
c224679e-c8e9-465a-bef5-986bb8590925	39	51	Coarse_Person	pope paul vi
93f27025-678d-4bdc-9303-e8cb9b0d30b4	29	31	Coarse_Location	ta
04c4277b-867b-4ea0-a83a-aa387336b924	30	43	Coarse_Person	henry vaughan
04c4277b-867b-4ea0-a83a-aa387336b924	0	21	Coarse_Creative_Work	dear stream dear bank
04c4277b-867b-4ea0-a83a-aa387336b924	46	60	Coarse_Person	george herbert
aaf3ca60-50af-4967-8449-3a3a0a09e22c	71	80	Coarse_Person	felix iii
aaf3ca60-50af-4967-8449-3a3a0a09e22c	99	108	Coarse_Person	gregory i
d3e9173c-8df1-408b-8f42-d779f1667cf5	32	39	Coarse_Person	jaussen
a11a69fa-a365-4cf9-80bb-30b479e653e3	56	66	Coarse_Location	wörishofen
a11a69fa-a365-4cf9-80bb-30b479e653e3	31	52	Coarse_Location	water cure sanatorium
a11a69fa-a365-4cf9-80bb-30b479e653e3	11	27	Coarse_Person	sebastian kneipp
2f6821b2-8b33-4f53-8ed6-0f231ab28bf8	0	9	Coarse_Medical	adhesions
2f6821b2-8b33-4f53-8ed6-0f231ab28bf8	102	106	Coarse_Medical	scar
69794211-fd0e-47d6-adbc-f48c134d7a58	90	115	Coarse_Medical	intraperitoneal injection
69794211-fd0e-47d6-adbc-f48c134d7a58	64	86	Coarse_Medical	subcutaneous injection
51479f4b-c142-430c-b563-60cc01b3f952	56	69	Coarse_Medical	xenodiagnosis
b6743cca-05df-4250-8188-c9630daac713	35	39	Coarse_Medical	yoga
102e18ed-0f97-485f-bbab-07608aacfbd2	0	13	Coarse_Medical	tachyphylaxis
954b1bf9-ecbf-438a-8a8e-c77eef50e07c	33	43	Coarse_Medical	meditation
41de1af1-83b0-4dcc-af5f-2ab0157922a6	99	111	Coarse_Person	t. l. osborn
41de1af1-83b0-4dcc-af5f-2ab0157922a6	43	48	Coarse_Medical	faith
c2bbdf10-8a18-42ed-85b2-5bd58e72ac3d	64	79	Coarse_Medical	neural networks
c2bbdf10-8a18-42ed-85b2-5bd58e72ac3d	0	12	Coarse_Medical	neuroimaging
e989e43e-d2aa-4c53-939b-eef0a0a85463	6	16	Coarse_Medical	3d imaging
e989e43e-d2aa-4c53-939b-eef0a0a85463	23	45	Coarse_Medical	rotational angiography
e10038ac-3fa4-438b-8512-ae761bd82fc5	13	25	Coarse_Medical	life support
e10038ac-3fa4-438b-8512-ae761bd82fc5	65	90	Coarse_Medical	intermediate life support
5c3ab04e-916e-48fd-bc61-a54dcb623a63	126	128	Coarse_Medical	ct
22b0907f-4c96-41a6-8adf-dfe317b2bb2d	0	30	Coarse_Location	bodmin parkway railway station
6a4a81fc-0502-4e41-abef-ce7b15dec119	41	53	Coarse_Location	chkalovskaya
ce1bc8f0-ea36-4f3c-af75-98eab6be2226	26	60	Coarse_Location	seve ballesteros–santander airport
48b68127-9e5f-431d-8ad1-1f52fa04e5dc	45	73	Coarse_Location	albany international airport
5d83d66e-55a0-4e31-ad2e-f8862bf8726d	29	42	Coarse_Group	cfb moose jaw
603ce7bc-a297-4bce-bfd8-b6c2663cc676	0	17	Coarse_Location	shipdham airfield
d81da70e-65e6-49bc-8f34-f949e198a0d1	9	29	Coarse_Location	london charing cross
2e9743f4-7f9d-4eef-abd2-b03a3dab7777	43	51	Coarse_Location	dewsbury
2e9743f4-7f9d-4eef-abd2-b03a3dab7777	56	65	Coarse_Location	brighouse
200ab306-0c00-484d-bf5d-5b61e2afacc9	23	54	Coarse_Location	ketchikan international airport
ae70d72e-0dc3-4ec2-8916-dcb8677f4f46	93	105	Coarse_Location	raf cranwell
92b2116e-3512-4e47-95f1-f9e79d8e7a29	51	63	Coarse_Location	penn station
92b2116e-3512-4e47-95f1-f9e79d8e7a29	67	80	Coarse_Location	new york city
0e5f1f69-807a-4c53-857e-8d1d7f5e0641	26	47	Coarse_Location	queen 's park station
0e5f1f69-807a-4c53-857e-8d1d7f5e0641	55	69	Coarse_Group	toronto subway
e5028e31-4528-406d-8424-2abb157b00ab	100	119	Coarse_Location	30th street station
07e2ccc4-a06a-4f19-9def-0ef644c86797	21	41	Coarse_Location	pau pyrénées airport
3a1791d6-ae8b-4c27-8bf2-598bbce5c080	58	74	Coarse_Location	railway station.
c17280f7-1769-4795-a286-54eca0e99883	5	12	Coarse_Group	ferrari
c17280f7-1769-4795-a286-54eca0e99883	47	51	Coarse_Group	fiat
1fd63c94-c97a-4a39-9fb9-54df876170e7	10	15	Coarse_Group	scott
d13910bf-10ff-441b-9a65-06e249159958	48	55	Coarse_Group	porsche
68685bd8-2bbf-41d0-ac20-fe91655da448	37	72	Coarse_Group	birmingham railway carriage & wagon
68685bd8-2bbf-41d0-ac20-fe91655da448	25	32	Coarse_Group	leyland
149df258-e98b-4087-8731-de8c80cff2d6	76	102	Coarse_Group	volkswagen of south africa
929be0dd-4d4d-4618-aa52-35e0861a43ab	0	14	Coarse_Group	packard motors
2d7256a7-4763-4d76-abc1-01ce88d08d38	40	56	Coarse_Group	mitsubishi group
2d7256a7-4763-4d76-abc1-01ce88d08d38	107	124	Coarse_Group	mitsubishi motors
f8aaf8e2-edbf-4a6b-8db0-43eb4b379232	36	40	Coarse_Group	ford
7cb566d5-468f-4d8f-8639-70af669319e2	52	56	Coarse_Group	ford
ca406688-4280-40ff-ae86-79086b80c0f3	52	59	Coarse_Group	panhard
6f1beda1-dcf6-43a1-8ef9-12ee75b70c17	62	71	Coarse_Product	coca-cola
5e9c49a7-1495-49c0-8714-7390052951cf	0	5	Coarse_Group	crush
a4e4e0d0-53c9-4335-8569-1bdbc06dd0bf	36	45	Coarse_Product	contratto
cc086645-fdc4-4eb3-a286-175b399178bd	16	20	Coarse_Product	wine
11ec394e-a2b0-421d-8bb2-fb71505d0cad	56	65	Coarse_Product	coca-cola
11ec394e-a2b0-421d-8bb2-fb71505d0cad	69	74	Coarse_Product	fanta
31ce57c7-18c7-4f76-a807-f53d3bf86214	105	119	Coarse_Medical	infant formula
df505b46-d776-47d3-a2d1-826be3bb3713	66	70	Coarse_Product	wine
e4c32a3e-fd6a-498c-8241-bc6b91bd586f	53	62	Coarse_Product	ayahuasca
e8e20db2-2e06-4ed7-aaa0-6c5580dedad3	23	32	Coarse_Product	rice wine
dd012422-807b-48a5-812d-bdd6ccc51a1e	0	7	Coarse_Group	thermos
15a8aed7-6b8b-4e0f-9fd1-9b0f1224a644	123	133	Coarse_Location	darlington
15a8aed7-6b8b-4e0f-9fd1-9b0f1224a644	66	83	Coarse_Location	newton-le-willows
15a8aed7-6b8b-4e0f-9fd1-9b0f1224a644	88	119	Coarse_Group	robert stephenson and hawthorns
15a8aed7-6b8b-4e0f-9fd1-9b0f1224a644	0	16	Coarse_Group	english electric
15a8aed7-6b8b-4e0f-9fd1-9b0f1224a644	48	62	Coarse_Group	vulcan foundry
d8675faf-0ab1-4051-a57d-5073437689c3	58	67	Coarse_Group	aviolanda
d8675faf-0ab1-4051-a57d-5073437689c3	29	36	Coarse_Product	f . k .
01414bb7-e52d-42ea-9e1d-e2b0836e13cb	28	53	Coarse_Group	bristol aeroplane company
afa630b3-573b-4aab-9851-a74324518a8a	0	4	Coarse_Group	mbda
afa630b3-573b-4aab-9851-a74324518a8a	15	29	Coarse_Product	guided weapons
77fdea52-be1e-47e7-a518-b2c870d24c28	2	12	Coarse_Group	beechcraft
77fdea52-be1e-47e7-a518-b2c870d24c28	22	29	Coarse_Group	convair
a5d8976f-dfd6-4989-9861-4f27ed5a84f4	2	19	Coarse_Person	chikuhei nakajima
a5d8976f-dfd6-4989-9861-4f27ed5a84f4	31	56	Coarse_Group	nakajima aircraft company
167afa00-e76a-45f2-8d34-a35da8fd2336	26	46	Coarse_Group	lockheed corporation
fd90d207-475c-43cb-a66d-800578489323	19	27	Coarse_Group	lockheed
370fc8f3-20d6-4663-ad6f-796c44377008	100	110	Coarse_Group	enaer ogma
370fc8f3-20d6-4663-ad6f-796c44377008	115	121	Coarse_Group	boeing
d07de04e-ce0a-4366-8742-d0c0fad5b579	57	77	Coarse_Group	lockheed corporation
9835ef61-35ec-427a-9085-423c0eea935d	34	39	Coarse_Medical	fever
9835ef61-35ec-427a-9085-423c0eea935d	40	50	Coarse_Medical	chest pain
47e9e877-24e2-4113-b053-3dd022495ce1	52	55	Coarse_Medical	hiv
028cc483-0cc4-4bf4-850a-e3e457d3d514	8	14	Coarse_Medical	gummas
5a6e45e8-4d2b-48e0-8c4c-23a561b561f0	70	79	Coarse_Medical	self-harm
ddd2ad7b-3fab-44d2-a197-fdd5cdff90b1	24	41	Coarse_Medical	williams syndrome
ced2705c-cbfb-414d-b6e7-9d2e6a74378a	62	68	Coarse_Medical	angina
428c82ef-0cd1-4cad-a246-2ed7d6e6aed1	30	36	Coarse_Medical	repair
428c82ef-0cd1-4cad-a246-2ed7d6e6aed1	42	49	Coarse_Medical	fistula
f0725c2a-0d53-44c6-9386-8cdf91512320	61	70	Coarse_Medical	dysentery
15b084c0-77db-46c7-b5a8-84fe2a6bc567	104	110	Coarse_Medical	sepsis
5a7a6ff3-59b2-45cf-bf40-4cad368b7d9a	52	56	Coarse_Medical	rash
2d650791-4e40-4a6c-960b-03e43fcc507f	34	39	Coarse_Person	huang
2d650791-4e40-4a6c-960b-03e43fcc507f	12	28	Coarse_Location	fuchun mountains
6416f0d6-fd52-4ffc-887f-a2343ad2d1e6	68	77	Coarse_Person	juan luna
6416f0d6-fd52-4ffc-887f-a2343ad2d1e6	37	45	Coarse_Location	filipino
02ad5699-7c3b-42d0-ae03-f60b757e976f	0	16	Coarse_Group	four handscrolls
9641d5d9-6bc6-4d23-96c6-a41e3c01c42e	37	58	Coarse_Creative_Work	bathers with a turtle
9641d5d9-6bc6-4d23-96c6-a41e3c01c42e	62	75	Coarse_Person	henri matisse
025e90b6-f8d9-4aed-875c-6631127898f8	53	60	Coarse_Creative_Work	bacchus
025e90b6-f8d9-4aed-875c-6631127898f8	111	117	Coarse_Person	titian
025e90b6-f8d9-4aed-875c-6631127898f8	31	48	Coarse_Creative_Work	feast of the gods
025e90b6-f8d9-4aed-875c-6631127898f8	65	72	Coarse_Creative_Work	ariadne
025e90b6-f8d9-4aed-875c-6631127898f8	90	106	Coarse_Person	giovanni bellini
b0559826-eb4c-40be-93c3-d563015ee8a8	26	35	Coarse_Creative_Work	mona lisa
b0559826-eb4c-40be-93c3-d563015ee8a8	55	68	Coarse_Creative_Work	venus de milo
b0559826-eb4c-40be-93c3-d563015ee8a8	69	102	Coarse_Creative_Work	statue liberty leading the people
0235c03e-363d-4eb7-a301-7d65f1989747	43	57	Coarse_Person	paul delaroche
0235c03e-363d-4eb7-a301-7d65f1989747	25	39	Coarse_Person	lady jane grey
aaa1c87f-555c-46fa-95f7-68e549f39541	74	93	Coarse_Creative_Work	chōjū-jinbutsu-giga
53731822-23be-421d-9210-4db678aecf90	69	83	Coarse_Creative_Work	ukiyo e screen
53731822-23be-421d-9210-4db678aecf90	97	110	Coarse_Creative_Work	hikone screen
d1765730-c072-47db-ad5d-237ae2f5734e	50	57	Coarse_Group	shinola
4cdfdec8-8337-4978-96b0-6c0a4dcb8add	55	64	Coarse_Group	nfl films
4cdfdec8-8337-4978-96b0-6c0a4dcb8add	0	11	Coarse_Person	steve sabol
38425cbf-7b51-4cf9-b9f4-f9bacae86f53	23	31	Coarse_Group	steinway
e89653e1-652f-457e-8a61-9d0912081674	34	40	Coarse_Group	yamaha
e89653e1-652f-457e-8a61-9d0912081674	41	46	Coarse_Group	kawai
e89653e1-652f-457e-8a61-9d0912081674	51	59	Coarse_Group	steinway
ee970e23-e85d-4b85-bbd9-d1724ab8d21a	2	9	Coarse_Group	profoto
beaf6911-2ddc-4b43-a6b6-8719903b4876	29	56	Coarse_Group	delfont mackintosh theatres
f69bc768-73f3-4972-a547-c60fde4288bf	34	43	Coarse_Group	nfl films
375cbc7e-13c3-4066-ac59-bcf3cf160c58	74	93	Coarse_Location	newcastle upon tyne
375cbc7e-13c3-4066-ac59-bcf3cf160c58	44	73	Coarse_Group	robert stephenson and company
fb83bff0-1377-4960-9f9a-65dddb47bd27	36	55	Coarse_Group	chevron corporation
fb83bff0-1377-4960-9f9a-65dddb47bd27	56	66	Coarse_Group	exxonmobil
fb83bff0-1377-4960-9f9a-65dddb47bd27	67	82	Coarse_Group	koch industries
fb83bff0-1377-4960-9f9a-65dddb47bd27	83	101	Coarse_Group	marathon petroleum
fb83bff0-1377-4960-9f9a-65dddb47bd27	106	119	Coarse_Group	valero energy
b76dc32b-5ee2-4024-85d9-78afc3812fe0	4	15	Coarse_Group	jockey club